<?xml version="1.0" encoding="UTF-8"?><CodeSystem xmlns="http://hl7.org/fhir"><id value="HBMilks"/><text><status value="generated"/><div xmlns="http://www.w3.org/1999/xhtml"><p>This code system http://example.org/CodeSystem/HBMilks defines the following codes:</p><table class="codes"><tr><td style="white-space:nowrap"><b>Code</b></td><td><b>Display</b></td></tr><tr><td style="white-space:nowrap">RICEMILK<a name="HBMilks-RICEMILK"> </a></td><td>Rice Milk</td></tr><tr><td style="white-space:nowrap">ALMOND<a name="HBMilks-ALMOND"> </a></td><td>Almond Milk</td></tr><tr><td style="white-space:nowrap">SKIM<a name="HBMilks-SKIM"> </a></td><td>Skim Milk</td></tr><tr><td style="white-space:nowrap">SOY<a name="HBMilks-SOY"> </a></td><td>Soy Milk</td></tr><tr><td style="white-space:nowrap">FULLCREAM<a name="HBMilks-FULLCREAM"> </a></td><td>Full Cream Milk</td></tr><tr><td style="white-space:nowrap">COCONUT<a name="HBMilks-COCONUT"> </a></td><td>Coconut Milk</td></tr><tr><td style="white-space:nowrap">HALF<a name="HBMilks-HALF"> </a></td><td>Half and Half</td></tr><tr><td style="white-space:nowrap">TABLE<a name="HBMilks-TABLE"> </a></td><td>Table Cream</td></tr></table></div></text><url value="http://example.org/CodeSystem/HBMilks"/><version value="2021-April-1st"/><name value="HBMilks"/><title value="Milks List"/><status value="active"/><date value="2021-04-21T11:22:23-04:00"/><description value="Milks to be added, if desired"/><content value="complete"/><count value="8"/><concept><code value="RICEMILK"/><display value="Rice Milk"/></concept><concept><code value="ALMOND"/><display value="Almond Milk"/></concept><concept><code value="SKIM"/><display value="Skim Milk"/></concept><concept><code value="SOY"/><display value="Soy Milk"/></concept><concept><code value="FULLCREAM"/><display value="Full Cream Milk"/></concept><concept><code value="COCONUT"/><display value="Coconut Milk"/></concept><concept><code value="HALF"/><display value="Half and Half"/></concept><concept><code value="TABLE"/><display value="Table Cream"/></concept></CodeSystem>