<?xml version="1.0" encoding="UTF-8"?><OperationDefinition xmlns="http://hl7.org/fhir"><id value="BB-When"/><text><status value="extensions"/><div xmlns="http://www.w3.org/1999/xhtml"><h2>Data Requirements</h2><p>OPERATION: Data Requirements</p><p>The official URL for this operation definition is: </p><pre>http://hl7.org/fhir/OperationDefinition/BB-When</pre><div><p>When coffee is poured, and milk is offered, it is necessary for the holder of the recipient of milk to say &quot;when&quot; at the time when
sufficient milk has been introduced into the coffee. For this purpose, the &quot;WHEN&quot; operation has been added to FHIR.</p>
</div><p>Parameters</p><table class="grid"><tr><td><b>Use</b></td><td><b>Name</b></td><td><b>Cardinality</b></td><td><b>Type</b></td><td><b>Binding</b></td><td><b>Documentation</b></td></tr><tr><td>IN</td><td>BevID</td><td>1..1</td><td><a href="http://hl7.org/fhir/R4/references.html#Reference">Reference</a></td><td/><td><div><p>The ID of the BrewedBeverage Resource that dictates the beverage to be brewed and the requested additions (if any)</p>
</div></td></tr></table><div><p>Enough? Say WHEN.</p>
</div></div></text><url value="http://hl7.org/fhir/OperationDefinition/BB-When"/><version value="2021-April-1st"/><name value="Data Requirements"/><status value="draft"/><kind value="operation"/><date value="2020-04-01T09:29:23+11:00"/><publisher value="HL7 (FHIR Project)"/><contact><telecom><system value="url"/><value value="http://hl7.org/fhir"/></telecom><telecom><system value="email"/><value value="fhir@lists.hl7.org"/></telecom></contact><description value=" When coffee is poured, and milk is offered, it is necessary for the holder of the recipient of milk to say &quot;when&quot; at the time when&#xD;&#xA;   sufficient milk has been introduced into the coffee. For this purpose, the &quot;WHEN&quot; operation has been added to FHIR. "/><code value="data-requirements"/><comment value="Enough? Say WHEN."/><system value="false"/><type value="true"/><instance value="true"/><parameter><name value="BevID"/><use value="in"/><min value="1"/><max value="1"/><documentation value="The ID of the BrewedBeverage Resource that dictates the beverage to be brewed and the requested additions (if any)"/><type value="Reference"/></parameter></OperationDefinition>