<?xml version="1.0" encoding="UTF-8"?><ValueSet xmlns="http://hl7.org/fhir"><id value="NoDecaf"/><text><status value="generated"/><div xmlns="http://www.w3.org/1999/xhtml"><ul><li>Include these codes as defined in <a href="http://www.snomed.org/"><code>http://snomed.info/sct</code></a><table class="none"><tr><td style="white-space:nowrap"><b>Code</b></td><td><b>Display</b></td></tr><tr><td><a href="http://browser.ihtsdotools.org/?perspective=full&amp;conceptId1=64100000">64100000</a></td><td>No</td></tr></table></li></ul></div></text><url value="http://example.org/ValueSet/NoDecaf"/><version value="2021-April-1st"/><name value="NoDecaf"/><title value="Decaf is for the weak"/><status value="active"/><date value="2021-04-01T07:51:30-05:00"/><description value="No, Just No"/><compose><include><system value="http://snomed.info/sct"/><concept><code value="64100000"/><display value="No"/></concept></include></compose></ValueSet>