<?xml version="1.0" encoding="UTF-8"?><ValueSet xmlns="http://hl7.org/fhir"><id value="HBMilkVS"/><text><status value="generated"/><div xmlns="http://www.w3.org/1999/xhtml"><ul><li>Include all codes defined in <a href="CodeSystem-HBMilks.html"><code>http://example.org/CodeSystem/HBMilks</code></a></li></ul></div></text><url value="http://example.org/ValueSet/HBMilkVS"/><version value="2021-April-1st"/><name value="HBMilkVS"/><title value="Milk Additive Value Set"/><status value="active"/><date value="2021-04-01T16:12:56-04:00"/><description value="Milk and milklike liquids for use in coffee"/><compose><include><system value="http://example.org/CodeSystem/HBMilks"/></include></compose></ValueSet>