<?xml version="1.0" encoding="UTF-8"?>

<AuditEvent xmlns="http://hl7.org/fhir">
  <id value="ex-auditBasicBrew"/>
  <meta>
    <profile value="http://example.org/StructureDefinition/HotBeverage.Brewed"/>
  </meta>
  <text>
    <status value="generated"/><div xmlns="http://www.w3.org/1999/xhtml"><p><b>Generated Narrative</b></p><p><b>type</b>: <span title="{http://terminology.hl7.org/CodeSystem/audit-event-type rest}">Restful Operation</span></p><p><b>subtype</b>: <span title="{http://hl7.org/fhir/restful-interaction operation}">operation</span></p><p><b>action</b>: E</p><p><b>recorded</b>: Apr. 29, 2020, 5:49:00 a.m.</p><p><b>outcome</b>: 0</p><blockquote><p><b>agent</b></p><p><b>type</b>: <span title="Codes: {http://dicom.nema.org/resources/ontology/DCM 110153}">Source Role ID</span></p><p><b>who</b>: <span>my phone</span></p><p><b>requestor</b>: false</p><h3>Networks</h3><table class="grid"><tr><td>-</td><td><b>Address</b></td><td><b>Type</b></td></tr><tr><td>*</td><td>2001:0db8:85a3:0000:0000:8a2e:0370:7334</td><td>2</td></tr></table></blockquote><blockquote><p><b>agent</b></p><p><b>type</b>: <span title="Codes: {http://dicom.nema.org/resources/ontology/DCM 110152}">Destination Role ID</span></p><p><b>who</b>: <a href="Device-VertuoNext.html">Generated Summary: status: active; manufacturer: nespresso; modelNumber: B084GYKJ58; url: http://server.example.com/fhir/coffee</a></p><p><b>requestor</b>: false</p><h3>Networks</h3><table class="grid"><tr><td>-</td><td><b>Address</b></td><td><b>Type</b></td></tr><tr><td>*</td><td>http://server.example.com/fhir/coffee</td><td>5</td></tr></table></blockquote><blockquote><p><b>agent</b></p><p><b>type</b>: <span title="Codes: {http://terminology.hl7.org/CodeSystem/v3-ParticipationType BEN}">beneficiary</span></p><p><b>who</b>: <span>John Smith</span></p><p><b>requestor</b>: true</p></blockquote><h3>Sources</h3><table class="grid"><tr><td>-</td><td><b>Site</b></td><td><b>Observer</b></td><td><b>Type</b></td></tr><tr><td>*</td><td>server.example.com</td><td><a href="Device-VertuoNext.html">Generated Summary: status: active; manufacturer: nespresso; modelNumber: B084GYKJ58; url: http://server.example.com/fhir/coffee</a></td><td><span title="{http://terminology.hl7.org/CodeSystem/security-source-type 4}">Application Server</span></td></tr></table><blockquote><p><b>entity</b></p><p><b>type</b>: <span title="{http://terminology.hl7.org/CodeSystem/audit-entity-type 2}">System Object</span></p><p><b>role</b>: <span title="{http://terminology.hl7.org/CodeSystem/object-role 20}">Job</span></p><h3>Details</h3><table class="grid"><tr><td>-</td><td><b>Type</b></td><td><b>Value[x]</b></td></tr><tr><td>*</td><td>beverageType</td><td>#ESPRESSO</td></tr></table></blockquote></div>
  </text>
  <type>
    <system value="http://terminology.hl7.org/CodeSystem/audit-event-type"/>
    <code value="rest"/>
    <display value="Restful Operation"/>
  </type>
  <subtype>
    <system value="http://hl7.org/fhir/restful-interaction"/>
    <code value="operation"/>
    <display value="operation"/>
  </subtype>
  <action value="E"/>
  <recorded value="2020-04-29T09:49:00.000Z"/>
  <outcome value="0"/>
  <agent>
    <type>
      <coding>
        <system value="http://dicom.nema.org/resources/ontology/DCM"/>
        <code value="110153"/>
        <display value="Source Role ID"/>
      </coding>
    </type>
    <who>
      <display value="my phone"/>
    </who>
    <requestor value="false"/>
    <network>
      <address value="2001:0db8:85a3:0000:0000:8a2e:0370:7334"/>
      <type value="2"/>
    </network>
  </agent>
  <agent>
    <type>
      <coding>
        <system value="http://dicom.nema.org/resources/ontology/DCM"/>
        <code value="110152"/>
        <display value="Destination Role ID"/>
      </coding>
    </type>
    <who>
      <reference value="Device/VertuoNext"/>
    </who>
    <requestor value="false"/>
    <network>
      <address value="http://server.example.com/fhir/coffee"/>
      <type value="5"/>
    </network>
  </agent>
  <agent>
    <type>
      <coding>
        <system value="http://terminology.hl7.org/CodeSystem/v3-ParticipationType"/>
        <code value="BEN"/>
        <display value="beneficiary"/>
      </coding>
    </type>
    <who>
      <display value="John Smith"/>
    </who>
    <requestor value="true"/>
  </agent>
  <source>
    <site value="server.example.com"/>
    <observer>
      <reference value="Device/VertuoNext"/>
    </observer>
    <type>
      <system value="http://terminology.hl7.org/CodeSystem/security-source-type"/>
      <code value="4"/>
      <display value="Application Server"/>
    </type>
  </source>
  <entity>
    <type>
      <system value="http://terminology.hl7.org/CodeSystem/audit-entity-type"/>
      <code value="2"/>
      <display value="System Object"/>
    </type>
    <role>
      <system value="http://terminology.hl7.org/CodeSystem/object-role"/>
      <code value="20"/>
      <display value="Job"/>
    </role>
    <detail>
      <type value="beverageType"/>
      <valueString value="#ESPRESSO"/>
    </detail>
  </entity>
</AuditEvent>