<?xml version="1.0" encoding="UTF-8"?>

<ImplementationGuide xmlns="http://hl7.org/fhir">
  <id value="fhir.uv.HotBeverage"/>
  <text>
    <status value="extensions"/><div xmlns="http://www.w3.org/1999/xhtml"><h2>HotBeverage</h2><p>The official URL for this implementation guide is: </p><pre>http://example.org/ImplementationGuide/fhir.uv.HotBeverage</pre></div>
  </text>
  <url value="http://example.org/ImplementationGuide/fhir.uv.HotBeverage"/>
  <version value="2021-April-1st"/>
  <name value="HotBeverage"/>
  <title value="HotBeverage FHIR Implementation Guide"/>
  <status value="draft"/>
  <date value="2021-06-21T09:29:16-04:00"/>
  <publisher value="Dave Pyke &amp;amp; John Moehrke"/>
  <contact>
    <name value="Dave Pyke &amp;amp; John Moehrke"/>
    <telecom>
      <system value="url"/>
      <value value="www.pyke.ca"/>
    </telecom>
    <telecom>
      <system value="email"/>
      <value value="david@pyke.ca"/>
    </telecom>
  </contact>
  <contact>
    <name value="David Pyke"/>
    <telecom>
      <system value="email"/>
      <value value="david@pyke.ca"/>
      <use value="work"/>
    </telecom>
  </contact>
  <packageId value="fhir.uv.HotBeverage"/>
  <license value="CC0-1.0"/>
  <fhirVersion value="4.0.1"/>
  <definition>
    <extension url="http://hl7.org/fhir/tools/StructureDefinition/ig-parameter">
      <extension url="code">
        <valueString value="copyrightyear"/>
      </extension>
      <extension url="value">
        <valueString value="2021+"/>
      </extension>
    </extension>
    <extension url="http://hl7.org/fhir/tools/StructureDefinition/ig-parameter">
      <extension url="code">
        <valueString value="releaselabel"/>
      </extension>
      <extension url="value">
        <valueString value="Joke"/>
      </extension>
    </extension>
    <extension url="http://hl7.org/fhir/tools/StructureDefinition/ig-parameter">
      <extension url="code">
        <valueString value="path-liquid"/>
      </extension>
      <extension url="value">
        <valueString value="template/liquid"/>
      </extension>
    </extension>
    <extension url="http://hl7.org/fhir/tools/StructureDefinition/ig-parameter">
      <extension url="code">
        <valueString value="path-liquid"/>
      </extension>
      <extension url="value">
        <valueString value="input/liquid"/>
      </extension>
    </extension>
    <extension url="http://hl7.org/fhir/tools/StructureDefinition/ig-parameter">
      <extension url="code">
        <valueString value="path-qa"/>
      </extension>
      <extension url="value">
        <valueString value="temp/qa"/>
      </extension>
    </extension>
    <extension url="http://hl7.org/fhir/tools/StructureDefinition/ig-parameter">
      <extension url="code">
        <valueString value="path-temp"/>
      </extension>
      <extension url="value">
        <valueString value="temp/pages"/>
      </extension>
    </extension>
    <extension url="http://hl7.org/fhir/tools/StructureDefinition/ig-parameter">
      <extension url="code">
        <valueString value="path-output"/>
      </extension>
      <extension url="value">
        <valueString value="output"/>
      </extension>
    </extension>
    <extension url="http://hl7.org/fhir/tools/StructureDefinition/ig-parameter">
      <extension url="code">
        <valueString value="path-suppressed-warnings"/>
      </extension>
      <extension url="value">
        <valueString value="input/ignoreWarnings.txt"/>
      </extension>
    </extension>
    <extension url="http://hl7.org/fhir/tools/StructureDefinition/ig-parameter">
      <extension url="code">
        <valueString value="path-history"/>
      </extension>
      <extension url="value">
        <valueString value="http://example.org/history.html"/>
      </extension>
    </extension>
    <extension url="http://hl7.org/fhir/tools/StructureDefinition/ig-parameter">
      <extension url="code">
        <valueString value="template-html"/>
      </extension>
      <extension url="value">
        <valueString value="template-page.html"/>
      </extension>
    </extension>
    <extension url="http://hl7.org/fhir/tools/StructureDefinition/ig-parameter">
      <extension url="code">
        <valueString value="template-md"/>
      </extension>
      <extension url="value">
        <valueString value="template-page-md.html"/>
      </extension>
    </extension>
    <extension url="http://hl7.org/fhir/tools/StructureDefinition/ig-parameter">
      <extension url="code">
        <valueString value="apply-contact"/>
      </extension>
      <extension url="value">
        <valueString value="true"/>
      </extension>
    </extension>
    <extension url="http://hl7.org/fhir/tools/StructureDefinition/ig-parameter">
      <extension url="code">
        <valueString value="apply-context"/>
      </extension>
      <extension url="value">
        <valueString value="true"/>
      </extension>
    </extension>
    <extension url="http://hl7.org/fhir/tools/StructureDefinition/ig-parameter">
      <extension url="code">
        <valueString value="apply-copyright"/>
      </extension>
      <extension url="value">
        <valueString value="true"/>
      </extension>
    </extension>
    <extension url="http://hl7.org/fhir/tools/StructureDefinition/ig-parameter">
      <extension url="code">
        <valueString value="apply-jurisdiction"/>
      </extension>
      <extension url="value">
        <valueString value="true"/>
      </extension>
    </extension>
    <extension url="http://hl7.org/fhir/tools/StructureDefinition/ig-parameter">
      <extension url="code">
        <valueString value="apply-license"/>
      </extension>
      <extension url="value">
        <valueString value="true"/>
      </extension>
    </extension>
    <extension url="http://hl7.org/fhir/tools/StructureDefinition/ig-parameter">
      <extension url="code">
        <valueString value="apply-publisher"/>
      </extension>
      <extension url="value">
        <valueString value="true"/>
      </extension>
    </extension>
    <extension url="http://hl7.org/fhir/tools/StructureDefinition/ig-parameter">
      <extension url="code">
        <valueString value="apply-version"/>
      </extension>
      <extension url="value">
        <valueString value="true"/>
      </extension>
    </extension>
    <extension url="http://hl7.org/fhir/tools/StructureDefinition/ig-parameter">
      <extension url="code">
        <valueString value="active-tables"/>
      </extension>
      <extension url="value">
        <valueString value="true"/>
      </extension>
    </extension>
    <resource>
      <extension url="http://hl7.org/fhir/tools/StructureDefinition/resource-information">
        <valueString value="StructureDefinition:resource"/>
      </extension>
      <reference>
        <reference value="StructureDefinition/BrewedBeverage"/>
      </reference>
      <name value="The Hot Beverage to Brew"/>
      <description value="The parameters to be given to the device to make the requested Hot Beverage.&#xA;&#xA;* The Machine to make the beverage (optional)&#xA;* The Beverage to be made (required)&#xA;* The type of Milk to be included (optional)&#xA;* The type of Syrup to be included (optional)&#xA;* The type of Alcohol to be included (optional)&#xA;* The type of Sweetener to be included (optional)&#xA;* The type of Spice to be included (optional)&#xA;* Is Coffee to be decaffeinated (shall be NoDecaf)"/>
      <exampleBoolean value="false"/>
    </resource>
    <resource>
      <extension url="http://hl7.org/fhir/tools/StructureDefinition/resource-information">
        <valueString value="StructureDefinition:resource"/>
      </extension>
      <reference>
        <reference value="StructureDefinition/HotBeverage.Brewed"/>
      </reference>
      <name value="The AuditEvent for a successful Brewed Hot Beverage"/>
      <description value="An AuditEvent profile for when request to brew a Hot Beverage action happens successfully."/>
      <exampleBoolean value="false"/>
    </resource>
    <resource>
      <extension url="http://hl7.org/fhir/tools/StructureDefinition/resource-information">
        <valueString value="ValueSet"/>
      </extension>
      <reference>
        <reference value="ValueSet/HBAlcoholVS"/>
      </reference>
      <name value="Alcohol Additive Value Set"/>
      <description value="Alcohol liquids for use in coffee"/>
      <exampleBoolean value="false"/>
    </resource>
    <resource>
      <extension url="http://hl7.org/fhir/tools/StructureDefinition/resource-information">
        <valueString value="ValueSet"/>
      </extension>
      <reference>
        <reference value="ValueSet/HBBeverageVS"/>
      </reference>
      <name value="Hot Beverages Value Set"/>
      <description value="All beverages allowed to be made via Hot Beverage"/>
      <exampleBoolean value="false"/>
    </resource>
    <resource>
      <extension url="http://hl7.org/fhir/tools/StructureDefinition/resource-information">
        <valueString value="ValueSet"/>
      </extension>
      <reference>
        <reference value="ValueSet/HBDrinkSizeVS"/>
      </reference>
      <name value="Size of Beverage to be Consumed"/>
      <description value="You want how much?"/>
      <exampleBoolean value="false"/>
    </resource>
    <resource>
      <extension url="http://hl7.org/fhir/tools/StructureDefinition/resource-information">
        <valueString value="ValueSet"/>
      </extension>
      <reference>
        <reference value="ValueSet/HBMilkVS"/>
      </reference>
      <name value="Milk Additive Value Set"/>
      <description value="Milk and milk-like liquids for use in coffee"/>
      <exampleBoolean value="false"/>
    </resource>
    <resource>
      <extension url="http://hl7.org/fhir/tools/StructureDefinition/resource-information">
        <valueString value="ValueSet"/>
      </extension>
      <reference>
        <reference value="ValueSet/HBSpiceVS"/>
      </reference>
      <name value="Spice Additive Value Set"/>
      <description value="Spice liquids for use in coffee"/>
      <exampleBoolean value="false"/>
    </resource>
    <resource>
      <extension url="http://hl7.org/fhir/tools/StructureDefinition/resource-information">
        <valueString value="ValueSet"/>
      </extension>
      <reference>
        <reference value="ValueSet/HBSweetenersVS"/>
      </reference>
      <name value="Sweeteners Additive Value Set"/>
      <description value="Sweeteners liquids for use in coffee"/>
      <exampleBoolean value="false"/>
    </resource>
    <resource>
      <extension url="http://hl7.org/fhir/tools/StructureDefinition/resource-information">
        <valueString value="ValueSet"/>
      </extension>
      <reference>
        <reference value="ValueSet/HBSyrupVS"/>
      </reference>
      <name value="Syrup Additive Value Set"/>
      <description value="Syrups for use in coffee"/>
      <exampleBoolean value="false"/>
    </resource>
    <resource>
      <extension url="http://hl7.org/fhir/tools/StructureDefinition/resource-information">
        <valueString value="ValueSet"/>
      </extension>
      <reference>
        <reference value="ValueSet/NoDecaf"/>
      </reference>
      <name value="Decaf is for the weak"/>
      <description value="No, Just No"/>
      <exampleBoolean value="false"/>
    </resource>
    <resource>
      <extension url="http://hl7.org/fhir/tools/StructureDefinition/resource-information">
        <valueString value="CodeSystem"/>
      </extension>
      <reference>
        <reference value="CodeSystem/HBAlcohol"/>
      </reference>
      <name value="Alcohol List"/>
      <description value="Alcohols to be added, if desired"/>
      <exampleBoolean value="false"/>
    </resource>
    <resource>
      <extension url="http://hl7.org/fhir/tools/StructureDefinition/resource-information">
        <valueString value="CodeSystem"/>
      </extension>
      <reference>
        <reference value="CodeSystem/HBBeverages"/>
      </reference>
      <name value="Hot Beverage List"/>
      <description value="Legal Beverages to be made in coffee pot"/>
      <exampleBoolean value="false"/>
    </resource>
    <resource>
      <extension url="http://hl7.org/fhir/tools/StructureDefinition/resource-information">
        <valueString value="CodeSystem"/>
      </extension>
      <reference>
        <reference value="CodeSystem/HBDrinkSize"/>
      </reference>
      <name value="Drink Size"/>
      <description value="How much did you want?"/>
      <exampleBoolean value="false"/>
    </resource>
    <resource>
      <extension url="http://hl7.org/fhir/tools/StructureDefinition/resource-information">
        <valueString value="CodeSystem"/>
      </extension>
      <reference>
        <reference value="CodeSystem/HBMilks"/>
      </reference>
      <name value="Milks List"/>
      <description value="Milks to be added, if desired"/>
      <exampleBoolean value="false"/>
    </resource>
    <resource>
      <extension url="http://hl7.org/fhir/tools/StructureDefinition/resource-information">
        <valueString value="CodeSystem"/>
      </extension>
      <reference>
        <reference value="CodeSystem/HBSpice"/>
      </reference>
      <name value="Spice List"/>
      <description value="Spice to be added, if desired"/>
      <exampleBoolean value="false"/>
    </resource>
    <resource>
      <extension url="http://hl7.org/fhir/tools/StructureDefinition/resource-information">
        <valueString value="CodeSystem"/>
      </extension>
      <reference>
        <reference value="CodeSystem/HBSweeteners"/>
      </reference>
      <name value="Sweeteners List"/>
      <description value="Sweeteners to be added, if desired"/>
      <exampleBoolean value="false"/>
    </resource>
    <resource>
      <extension url="http://hl7.org/fhir/tools/StructureDefinition/resource-information">
        <valueString value="CodeSystem"/>
      </extension>
      <reference>
        <reference value="CodeSystem/HBSyrups"/>
      </reference>
      <name value="Syrups List"/>
      <description value="Syrups to be added, if desired"/>
      <exampleBoolean value="false"/>
    </resource>
    <resource>
      <extension url="http://hl7.org/fhir/tools/StructureDefinition/resource-information">
        <valueString value="OperationDefinition"/>
      </extension>
      <reference>
        <reference value="OperationDefinition/BB-Stop"/>
      </reference>
      <name value="BB-Stop"/>
      <description value="The stop operation sends the Device a direction to stop the brew of the beverage (primarily tea) to check for doneness.  Used in combination with the Start operation to make the tea just right"/>
      <exampleBoolean value="false"/>
    </resource>
    <resource>
      <extension url="http://hl7.org/fhir/tools/StructureDefinition/resource-information">
        <valueString value="OperationDefinition"/>
      </extension>
      <reference>
        <reference value="OperationDefinition/BB-When"/>
      </reference>
      <name value="BB-When"/>
      <description value="When coffee is poured, and milk is offered, it is necessary for the holder of the recipient of milk to say &quot;when&quot; at the time when&#xD;&#xA;   sufficient milk has been introduced into the coffee. For this purpose, the &quot;WHEN&quot; operation has been added to FHIR."/>
      <exampleBoolean value="false"/>
    </resource>
    <resource>
      <extension url="http://hl7.org/fhir/tools/StructureDefinition/resource-information">
        <valueString value="OperationDefinition"/>
      </extension>
      <reference>
        <reference value="OperationDefinition/Brew"/>
      </reference>
      <name value="Brew"/>
      <description value="The brew operation sends the BrewedBeverage resource to the Coffee/Tea brewing Device"/>
      <exampleBoolean value="false"/>
    </resource>
    <resource>
      <extension url="http://hl7.org/fhir/tools/StructureDefinition/resource-information">
        <valueString value="Parameters"/>
      </extension>
      <reference>
        <reference value="Parameters/MakeCoffee"/>
      </reference>
      <name value="Make me Espresso"/>
      <description value="Request to make Espresso.&#xA;&#xA;* Using the Nespresso VertuoNext device&#xA;* Requesting Espresso"/>
      <exampleCanonical value="http://example.org/StructureDefinition/BrewedBeverage"/>
    </resource>
    <resource>
      <extension url="http://hl7.org/fhir/tools/StructureDefinition/resource-information">
        <valueString value="Device"/>
      </extension>
      <reference>
        <reference value="Device/VertuoNext"/>
      </reference>
      <name value="Vertuo Next"/>
      <description value="Nespresso introduces the VERTUO NEXT CLASSIC, the latest VERTUO Nespresso coffee maker with an all-new design and colors for the ultimate brewing experience. In addition to its original espressos, NESPRESSO VERTUO NEXT produces an extraordinary cup of coffee with a smooth layer of crema, the signature of a truly great cup of coffee. The VERTUO coffee and espresso coffee machine conveniently makes 5, 8, 14, 18 oz Coffee and single and double Espresso. Nespresso brings together the know-how of all its coffee experts, who have carefully chosen the origin and roasting of each coffee blend and created a brewing system using Centrifusion technology, a patented extraction technology developed by Nespresso. Just insert a Vertuo capsule and close the lever &#x2014; when activated, the capsule spins, blending ground coffee with water and extracting every drop of flavor. Its precision brewing system recognizes each capsule and automatically adjusts its brewing parameters to consistently deliver the best in cup result. Bundled with Nespresso&#39;s Aeroccino3, provides smooth hot or cold milk froth for your coffee recipes with one touch. It froths all types of milk in a few seconds, without noise or vibration. Each machine includes a complimentary welcome set with a range of Nespresso Vertuo capsules with unique aroma profiles. Order your Nespresso capsules, receive personalized advice, and obtain technical support or repair for your machine through the Nespresso Club via mobile app, by telephone or in one of our Boutiques. This coffee machine is compatible exclusively with Nespresso Vertuo Line pods. Input power (W): 1260. Intelligent extraction system recognizes each coffee blend."/>
      <exampleBoolean value="true"/>
    </resource>
    <resource>
      <extension url="http://hl7.org/fhir/tools/StructureDefinition/resource-information">
        <valueString value="AuditEvent"/>
      </extension>
      <reference>
        <reference value="AuditEvent/ex-auditBasicBrew"/>
      </reference>
      <name value="Audit Example of a basic brew"/>
      <description value="Audit Example for a brewed coffee&#xA;&#xA;* Using the Nespresso VertuoNext device&#xA;* Requesting Espresso"/>
      <exampleCanonical value="http://example.org/StructureDefinition/HotBeverage.Brewed"/>
    </resource>
    <page>
      <nameUrl value="toc.html"/>
      <title value="Table of Contents"/>
      <generation value="html"/>
      <page>
        <nameUrl value="index.html"/>
        <title value="Home"/>
        <generation value="markdown"/>
      </page>
    </page>
    <parameter>
      <code value="path-resource"/>
      <value value="input/capabilities"/>
    </parameter>
    <parameter>
      <code value="path-resource"/>
      <value value="input/examples"/>
    </parameter>
    <parameter>
      <code value="path-resource"/>
      <value value="input/extensions"/>
    </parameter>
    <parameter>
      <code value="path-resource"/>
      <value value="input/models"/>
    </parameter>
    <parameter>
      <code value="path-resource"/>
      <value value="input/operations"/>
    </parameter>
    <parameter>
      <code value="path-resource"/>
      <value value="input/profiles"/>
    </parameter>
    <parameter>
      <code value="path-resource"/>
      <value value="input/resources"/>
    </parameter>
    <parameter>
      <code value="path-resource"/>
      <value value="input/vocabulary"/>
    </parameter>
    <parameter>
      <code value="path-resource"/>
      <value value="input/maps"/>
    </parameter>
    <parameter>
      <code value="path-resource"/>
      <value value="input/testing"/>
    </parameter>
    <parameter>
      <code value="path-resource"/>
      <value value="input/history"/>
    </parameter>
    <parameter>
      <code value="path-resource"/>
      <value value="fsh-generated/resources"/>
    </parameter>
    <parameter>
      <code value="path-pages"/>
      <value value="template/config"/>
    </parameter>
    <parameter>
      <code value="path-pages"/>
      <value value="input/images"/>
    </parameter>
    <parameter>
      <code value="path-tx-cache"/>
      <value value="input-cache/txcache"/>
    </parameter>
  </definition>
</ImplementationGuide>