<?xml version="1.0" encoding="UTF-8"?>

<OperationDefinition xmlns="http://hl7.org/fhir">
  <id value="BB-Stop"/>
  <text>
    <status value="extensions"/><div xmlns="http://www.w3.org/1999/xhtml"><h2>Data Requirements</h2><p>OPERATION: Data Requirements</p><p>The official URL for this operation definition is: </p><pre>http://hl7.org/fhir/OperationDefinition/BB-Stop</pre><div><p>The stop operation sends the Device a direction to stop the brew of the beverage (primarily tea) to check for doneness.  Used in combination with the Start operation to make the tea just right</p>
</div><p>Parameters</p><table class="grid"><tr><td><b>Use</b></td><td><b>Name</b></td><td><b>Cardinality</b></td><td><b>Type</b></td><td><b>Binding</b></td><td><b>Documentation</b></td></tr><tr><td>IN</td><td>BBIdent</td><td>1..1</td><td><a href="http://hl7.org/fhir/R4/references.html#Reference">Reference</a></td><td/><td><div><p>The ID of the BrewedBeverage Resource</p>
</div></td></tr></table><div><p>TBA--need text from RFC</p>
</div></div>
  </text>
  <url value="http://hl7.org/fhir/OperationDefinition/BB-Stop"/>
  <version value="2021-April-1st"/>
  <name value="Data Requirements"/>
  <status value="draft"/>
  <kind value="operation"/>
  <date value="2020-04-01T09:29:23+11:00"/>
  <publisher value="HL7 (FHIR Project)"/>
  <contact>
    <telecom>
      <system value="url"/>
      <value value="http://hl7.org/fhir"/>
    </telecom>
    <telecom>
      <system value="email"/>
      <value value="fhir@lists.hl7.org"/>
    </telecom>
  </contact>
  <description value="The stop operation sends the Device a direction to stop the brew of the beverage (primarily tea) to check for doneness.  Used in combination with the Start operation to make the tea just right"/>
  <code value="data-requirements"/>
  <comment value="TBA--need text from RFC"/>
  <system value="false"/>
  <type value="true"/>
  <instance value="true"/>
  <parameter>
    <name value="BBIdent"/>
    <use value="in"/>
    <min value="1"/>
    <max value="1"/>
    <documentation value="The ID of the BrewedBeverage Resource"/>
    <type value="Reference"/>
  </parameter>
</OperationDefinition>