<?xml version="1.0" encoding="UTF-8"?>

<ValueSet xmlns="http://hl7.org/fhir">
  <id value="HBSpiceVS"/>
  <text>
    <status value="generated"/><div xmlns="http://www.w3.org/1999/xhtml"><ul><li>Include all codes defined in <a href="CodeSystem-HBSpice.html"><code>http://example.org/CodeSystem/HBSpice</code></a></li></ul></div>
  </text>
  <url value="http://example.org/ValueSet/HBSpiceVS"/>
  <version value="2021-April-1st"/>
  <name value="HBSpiceVS"/>
  <title value="Spice Additive Value Set"/>
  <status value="active"/>
  <date value="2021-04-01T07:58:10-04:00"/>
  <description value="Spice liquids for use in coffee"/>
  <compose>
    <include>
      <system value="http://example.org/CodeSystem/HBSpice"/>
    </include>
  </compose>
</ValueSet>