<?xml version="1.0" encoding="UTF-8"?>

<ValueSet xmlns="http://hl7.org/fhir">
  <id value="HBDrinkSizeVS"/>
  <text>
    <status value="generated"/><div xmlns="http://www.w3.org/1999/xhtml"><ul><li>Include all codes defined in <a href="CodeSystem-HBDrinkSize.html"><code>http://example.org/CodeSystem/HBDrinkSize</code></a></li></ul></div>
  </text>
  <url value="http://example.org/ValueSet/HBDrinkSizeVS"/>
  <version value="2021-April-1st"/>
  <name value="HBDrinkSizeVS"/>
  <title value="Size of Beverage to be Consumed"/>
  <status value="active"/>
  <date value="2021-06-21T09:04:15-04:00"/>
  <description value="You want how much?"/>
  <compose>
    <include>
      <system value="http://example.org/CodeSystem/HBDrinkSize"/>
    </include>
  </compose>
</ValueSet>