<?xml version="1.0" encoding="UTF-8"?>

<ValueSet xmlns="http://hl7.org/fhir">
  <id value="HBSyrupVS"/>
  <text>
    <status value="generated"/><div xmlns="http://www.w3.org/1999/xhtml"><ul><li>Include all codes defined in <a href="CodeSystem-HBSyrups.html"><code>http://example.org/CodeSystem/HBSyrups</code></a></li></ul></div>
  </text>
  <url value="http://example.org/ValueSet/HBSyrupVS"/>
  <version value="2021-April-1st"/>
  <name value="HBSyrupVS"/>
  <title value="Syrup Additive Value Set"/>
  <status value="active"/>
  <date value="2021-06-21T09:04:15-04:00"/>
  <description value="Syrups for use in coffee"/>
  <compose>
    <include>
      <system value="http://example.org/CodeSystem/HBSyrups"/>
    </include>
  </compose>
</ValueSet>