[
  {
    "id": "HBAlcohol",
    "type": "CodeSystem",
    "url": "http://example.org/CodeSystem/HBAlcohol",
    "version": "2021-April-1st",
    "name": "HBAlcohol"
  },
  {
    "id": "HBBeverages",
    "type": "CodeSystem",
    "url": "http://example.org/CodeSystem/HBBeverages",
    "version": "2021-April-1st",
    "name": "HBBeverages"
  },
  {
    "id": "HBDrinkSize",
    "type": "CodeSystem",
    "url": "http://example.org/CodeSystem/HBDrinkSize",
    "version": "2021-April-1st",
    "name": "HBDrinkSize"
  },
  {
    "id": "HBMilks",
    "type": "CodeSystem",
    "url": "http://example.org/CodeSystem/HBMilks",
    "version": "2021-April-1st",
    "name": "HBMilks"
  },
  {
    "id": "HBSpice",
    "type": "CodeSystem",
    "url": "http://example.org/CodeSystem/HBSpice",
    "version": "2021-April-1st",
    "name": "HBSpice"
  },
  {
    "id": "HBSweeteners",
    "type": "CodeSystem",
    "url": "http://example.org/CodeSystem/HBSweeteners",
    "version": "2021-April-1st",
    "name": "HBSweeteners"
  },
  {
    "id": "HBSyrups",
    "type": "CodeSystem",
    "url": "http://example.org/CodeSystem/HBSyrups",
    "version": "2021-April-1st",
    "name": "HBSyrups"
  },
  {
    "id": "fhir.uv.HotBeverage",
    "type": "ImplementationGuide",
    "url": "http://example.org/ImplementationGuide/fhir.uv.HotBeverage",
    "version": "2021-April-1st",
    "name": "HotBeverage"
  },
  {
    "id": "BrewedBeverage",
    "type": "StructureDefinition",
    "url": "http://example.org/StructureDefinition/BrewedBeverage",
    "version": "2021-April-1st",
    "name": "BrewedBeverage"
  },
  {
    "id": "HotBeverage.Brewed",
    "type": "StructureDefinition",
    "url": "http://example.org/StructureDefinition/HotBeverage.Brewed",
    "version": "2021-April-1st",
    "name": "BrewedLog"
  },
  {
    "id": "HBAlcoholVS",
    "type": "ValueSet",
    "url": "http://example.org/ValueSet/HBAlcoholVS",
    "version": "2021-April-1st",
    "name": "HBAlcoholVS"
  },
  {
    "id": "HBBeverageVS",
    "type": "ValueSet",
    "url": "http://example.org/ValueSet/HBBeverageVS",
    "version": "2021-April-1st",
    "name": "HBBeverageVS"
  },
  {
    "id": "HBDrinkSizeVS",
    "type": "ValueSet",
    "url": "http://example.org/ValueSet/HBDrinkSizeVS",
    "version": "2021-April-1st",
    "name": "HBDrinkSizeVS"
  },
  {
    "id": "HBMilkVS",
    "type": "ValueSet",
    "url": "http://example.org/ValueSet/HBMilkVS",
    "version": "2021-April-1st",
    "name": "HBMilkVS"
  },
  {
    "id": "HBSpiceVS",
    "type": "ValueSet",
    "url": "http://example.org/ValueSet/HBSpiceVS",
    "version": "2021-April-1st",
    "name": "HBSpiceVS"
  },
  {
    "id": "HBSweetenersVS",
    "type": "ValueSet",
    "url": "http://example.org/ValueSet/HBSweetenersVS",
    "version": "2021-April-1st",
    "name": "HBSweetenersVS"
  },
  {
    "id": "HBSyrupVS",
    "type": "ValueSet",
    "url": "http://example.org/ValueSet/HBSyrupVS",
    "version": "2021-April-1st",
    "name": "HBSyrupVS"
  },
  {
    "id": "NoDecaf",
    "type": "ValueSet",
    "url": "http://example.org/ValueSet/NoDecaf",
    "version": "2021-April-1st",
    "name": "NoDecaf"
  },
  {
    "id": "BB-Stop",
    "type": "OperationDefinition",
    "url": "http://hl7.org/fhir/OperationDefinition/BB-Stop",
    "version": "2021-April-1st",
    "name": "Data Requirements"
  },
  {
    "id": "BB-When",
    "type": "OperationDefinition",
    "url": "http://hl7.org/fhir/OperationDefinition/BB-When",
    "version": "2021-April-1st",
    "name": "Data Requirements"
  },
  {
    "id": "Brew",
    "type": "OperationDefinition",
    "url": "http://hl7.org/fhir/OperationDefinition/Brew",
    "version": "2021-April-1st",
    "name": "Data Requirements"
  }
]