{
  "resourceType": "CodeSystem",
  "id": "HBAlcohol",
  "text": {
    "status": "generated",
    "div": "<div xmlns=\"http://www.w3.org/1999/xhtml\"><p>This code system http://example.org/CodeSystem/HBAlcohol defines the following codes:</p><table class=\"codes\"><tr><td style=\"white-space:nowrap\"><b>Code</b></td><td><b>Display</b></td></tr><tr><td style=\"white-space:nowrap\">BOURBON<a name=\"HBAlcohol-BOURBON\"> </a></td><td>bourbon</td></tr><tr><td style=\"white-space:nowrap\">RUM<a name=\"HBAlcohol-RUM\"> </a></td><td>rum</td></tr><tr><td style=\"white-space:nowrap\">BAILEYS<a name=\"HBAlcohol-BAILEYS\"> </a></td><td>Baileys</td></tr><tr><td style=\"white-space:nowrap\">GIN<a name=\"HBAlcohol-GIN\"> </a></td><td>gin</td></tr><tr><td style=\"white-space:nowrap\">RYE<a name=\"HBAlcohol-RYE\"> </a></td><td>rye</td></tr><tr><td style=\"white-space:nowrap\">VODKA<a name=\"HBAlcohol-VODKA\"> </a></td><td>vodka</td></tr><tr><td style=\"white-space:nowrap\">CINNAMON<a name=\"HBAlcohol-CINNAMON\"> </a></td><td>cinnamon schnapps</td></tr><tr><td style=\"white-space:nowrap\">HAZELNUT<a name=\"HBAlcohol-HAZELNUT\"> </a></td><td>hazelnut  liqueur</td></tr><tr><td style=\"white-space:nowrap\">CHOCOLATE<a name=\"HBAlcohol-CHOCOLATE\"> </a></td><td>chocolate Liqueur</td></tr></table></div>"
  },
  "url": "http://example.org/CodeSystem/HBAlcohol",
  "version": "2021-April-1st",
  "name": "HBAlcohol",
  "title": "Alcohol List",
  "status": "active",
  "date": "2021-06-21T09:17:19-04:00",
  "contact": [
    {
      "name": "David Pyke",
      "telecom": [
        {
          "system": "email",
          "value": "david@pyke.ca"
        }
      ]
    }
  ],
  "description": "Alcohols to be added, if desired",
  "content": "complete",
  "count": 9,
  "concept": [
    {
      "code": "BOURBON",
      "display": "bourbon"
    },
    {
      "code": "RUM",
      "display": "rum"
    },
    {
      "code": "BAILEYS",
      "display": "Baileys"
    },
    {
      "code": "GIN",
      "display": "gin"
    },
    {
      "code": "RYE",
      "display": "rye"
    },
    {
      "code": "VODKA",
      "display": "vodka"
    },
    {
      "code": "CINNAMON",
      "display": "cinnamon schnapps"
    },
    {
      "code": "HAZELNUT",
      "display": "hazelnut  liqueur"
    },
    {
      "code": "CHOCOLATE",
      "display": "chocolate Liqueur"
    }
  ]
}