{
  "resourceType": "CodeSystem",
  "id": "HBDrinkSize",
  "text": {
    "status": "generated",
    "div": "<div xmlns=\"http://www.w3.org/1999/xhtml\"><p>This code system http://example.org/CodeSystem/HBDrinkSize defines the following codes:</p><table class=\"codes\"><tr><td style=\"white-space:nowrap\"><b>Code</b></td><td><b>Display</b></td><td><b>Definition</b></td></tr><tr><td style=\"white-space:nowrap\">SMALL<a name=\"HBDrinkSize-SMALL\"> </a></td><td>Small</td><td>You call that a coffee?</td></tr><tr><td style=\"white-space:nowrap\">MED<a name=\"HBDrinkSize-MED\"> </a></td><td>Medium</td><td>Not enough</td></tr><tr><td style=\"white-space:nowrap\">LARGE<a name=\"HBDrinkSize-LARGE\"> </a></td><td>Large</td><td>That will get you started</td></tr><tr><td style=\"white-space:nowrap\">XLARGE<a name=\"HBDrinkSize-XLARGE\"> </a></td><td>Extra Large</td><td>Single meeting size</td></tr><tr><td style=\"white-space:nowrap\">PROG<a name=\"HBDrinkSize-PROG\"> </a></td><td>Programmer size</td><td>Just over a pot</td></tr></table></div>"
  },
  "url": "http://example.org/CodeSystem/HBDrinkSize",
  "version": "2021-April-1st",
  "name": "HBDrinkSize",
  "title": "Drink Size",
  "status": "active",
  "date": "2021-04-01T16:12:56-04:00",
  "description": "How much did you want?",
  "content": "complete",
  "count": 5,
  "concept": [
    {
      "code": "SMALL",
      "display": "Small",
      "definition": "You call that a coffee?"
    },
    {
      "code": "MED",
      "display": "Medium",
      "definition": "Not enough"
    },
    {
      "code": "LARGE",
      "display": "Large",
      "definition": "That will get you started"
    },
    {
      "code": "XLARGE",
      "display": "Extra Large",
      "definition": "Single meeting size"
    },
    {
      "code": "PROG",
      "display": "Programmer size",
      "definition": "Just over a pot"
    }
  ]
}