{
  "resourceType": "CodeSystem",
  "id": "HBSyrups",
  "text": {
    "status": "generated",
    "div": "<div xmlns=\"http://www.w3.org/1999/xhtml\"><p>This code system http://example.org/CodeSystem/HBSyrups defines the following codes:</p><table class=\"codes\"><tr><td style=\"white-space:nowrap\"><b>Code</b></td><td><b>Display</b></td></tr><tr><td style=\"white-space:nowrap\">VANILLA<a name=\"HBSyrups-VANILLA\"> </a></td><td>Vanilla</td></tr><tr><td style=\"white-space:nowrap\">CARAMEL<a name=\"HBSyrups-CARAMEL\"> </a></td><td>Caramel</td></tr><tr><td style=\"white-space:nowrap\">HAZELNUT<a name=\"HBSyrups-HAZELNUT\"> </a></td><td>Hazelnut</td></tr><tr><td style=\"white-space:nowrap\">CHOCOLATE<a name=\"HBSyrups-CHOCOLATE\"> </a></td><td>Chocolate</td></tr><tr><td style=\"white-space:nowrap\">LAVENDER<a name=\"HBSyrups-LAVENDER\"> </a></td><td>Lavender</td></tr><tr><td style=\"white-space:nowrap\">BUTTERSCOTCH<a name=\"HBSyrups-BUTTERSCOTCH\"> </a></td><td>Butterscotch</td></tr><tr><td style=\"white-space:nowrap\">IRISH<a name=\"HBSyrups-IRISH\"> </a></td><td>Irish Cream</td></tr><tr><td style=\"white-space:nowrap\">ORANGE<a name=\"HBSyrups-ORANGE\"> </a></td><td>Orange Blossom</td></tr><tr><td style=\"white-space:nowrap\">RASPBERRY<a name=\"HBSyrups-RASPBERRY\"> </a></td><td>Raspberry</td></tr><tr><td style=\"white-space:nowrap\">ALMOND<a name=\"HBSyrups-ALMOND\"> </a></td><td>Almond</td></tr></table></div>"
  },
  "url": "http://example.org/CodeSystem/HBSyrups",
  "version": "2021-April-1st",
  "name": "HBSyrups",
  "title": "Syrups List",
  "status": "active",
  "date": "2021-06-21T09:04:15-04:00",
  "description": "Syrups to be added, if desired",
  "content": "complete",
  "count": 10,
  "concept": [
    {
      "code": "VANILLA",
      "display": "Vanilla"
    },
    {
      "code": "CARAMEL",
      "display": "Caramel"
    },
    {
      "code": "HAZELNUT",
      "display": "Hazelnut"
    },
    {
      "code": "CHOCOLATE",
      "display": "Chocolate"
    },
    {
      "code": "LAVENDER",
      "display": "Lavender"
    },
    {
      "code": "BUTTERSCOTCH",
      "display": "Butterscotch"
    },
    {
      "code": "IRISH",
      "display": "Irish Cream"
    },
    {
      "code": "ORANGE",
      "display": "Orange Blossom"
    },
    {
      "code": "RASPBERRY",
      "display": "Raspberry"
    },
    {
      "code": "ALMOND",
      "display": "Almond"
    }
  ]
}