<?xml version="1.0" encoding="UTF-8"?>

<Parameters xmlns="http://hl7.org/fhir">
  <id value="MakeCoffee"/>
  <meta>
    <profile value="http://example.org/StructureDefinition/BrewedBeverage"/>
    <security>
      <system value="http://terminology.hl7.org/CodeSystem/v3-ActReason"/>
      <code value="HTEST"/>
    </security>
    <security>
      <system value="http://terminology.hl7.org/CodeSystem/v3-Confidentiality"/>
      <code value="L"/>
    </security>
  </meta>
  <parameter>
    <name value="beverageType"/>
    <valueCode value="ESPRESSO"/>
  </parameter>
  <parameter>
    <name value="drinkSize"/>
    <valueCode value="PROG"/>
  </parameter>
  <parameter>
    <name value="device"/>
    <valueReference>
      <reference value="Device/VertuoNext"/>
    </valueReference>
  </parameter>
</Parameters>