<?xml version="1.0" encoding="UTF-8"?>

<ValueSet xmlns="http://hl7.org/fhir">
  <id value="HBBeverageVS"/>
  <text>
    <status value="generated"/><div xmlns="http://www.w3.org/1999/xhtml"><ul><li>Include all codes defined in <a href="CodeSystem-HBBeverages.html"><code>http://example.org/CodeSystem/HBBeverages</code></a></li></ul></div>
  </text>
  <url value="http://example.org/ValueSet/HBBeverageVS"/>
  <version value="2021-April-1st"/>
  <name value="HBBeverageVS"/>
  <title value="Hot Beverages Value Set"/>
  <status value="active"/>
  <date value="2021-06-21T09:17:19-04:00"/>
  <contact>
    <name value="David Pyke"/>
    <telecom>
      <system value="email"/>
      <value value="david@pyke.ca"/>
    </telecom>
  </contact>
  <description value="All beverages allowed to be made via Hot Beverage"/>
  <compose>
    <include>
      <system value="http://example.org/CodeSystem/HBBeverages"/>
    </include>
  </compose>
</ValueSet>