<?xml version="1.0" encoding="UTF-8"?>

<ValueSet xmlns="http://hl7.org/fhir">
  <id value="HBAlcoholVS"/>
  <text>
    <status value="generated"/><div xmlns="http://www.w3.org/1999/xhtml"><ul><li>Include all codes defined in <a href="CodeSystem-HBAlcohol.html"><code>http://example.org/CodeSystem/HBAlcohol</code></a></li></ul></div>
  </text>
  <url value="http://example.org/ValueSet/HBAlcoholVS"/>
  <version value="2021-April-1st"/>
  <name value="HBAlcoholVS"/>
  <title value="Alcohol Additive Value Set"/>
  <status value="active"/>
  <date value="2021-04-01T16:12:56-04:00"/>
  <description value="Alcohol liquids for use in coffee"/>
  <compose>
    <include>
      <system value="http://example.org/CodeSystem/HBAlcohol"/>
    </include>
  </compose>
</ValueSet>