<?xml version="1.0" encoding="UTF-8"?>

<CodeSystem xmlns="http://hl7.org/fhir">
  <id value="HBBeverages"/>
  <text>
    <status value="generated"/><div xmlns="http://www.w3.org/1999/xhtml"><p>This code system http://example.org/CodeSystem/HBBeverages defines the following codes:</p><table class="codes"><tr><td style="white-space:nowrap"><b>Code</b></td><td><b>Display</b></td></tr><tr><td style="white-space:nowrap">DRIP<a name="HBBeverages-DRIP"> </a></td><td>Drip or filtered</td></tr><tr><td style="white-space:nowrap">FRENCHPRESS<a name="HBBeverages-FRENCHPRESS"> </a></td><td>French press or cafetière</td></tr><tr><td style="white-space:nowrap">COLDBREW<a name="HBBeverages-COLDBREW"> </a></td><td>Cold brew</td></tr><tr><td style="white-space:nowrap">PERC<a name="HBBeverages-PERC"> </a></td><td>Percolated</td></tr><tr><td style="white-space:nowrap">TURKISH<a name="HBBeverages-TURKISH"> </a></td><td>Turkish coffee</td></tr><tr><td style="white-space:nowrap">MOKA<a name="HBBeverages-MOKA"> </a></td><td>Moka</td></tr><tr><td style="white-space:nowrap">VACUUM<a name="HBBeverages-VACUUM"> </a></td><td>Vacuum coffee</td></tr><tr><td style="white-space:nowrap">ESPRESSO<a name="HBBeverages-ESPRESSO"> </a></td><td>Espresso</td></tr><tr><td style="white-space:nowrap">COFWESP<a name="HBBeverages-COFWESP"> </a></td><td>Coffee with espresso</td></tr><tr><td style="white-space:nowrap">COFWTEA<a name="HBBeverages-COFWTEA"> </a></td><td>Coffee with tea</td></tr><tr><td style="white-space:nowrap">ICED<a name="HBBeverages-ICED"> </a></td><td>Iced Coffee</td></tr><tr><td style="white-space:nowrap">FRAPPE<a name="HBBeverages-FRAPPE"> </a></td><td>Frappé</td></tr><tr><td style="white-space:nowrap">FREDDOESP<a name="HBBeverages-FREDDOESP"> </a></td><td>Freddo Espresso</td></tr><tr><td style="white-space:nowrap">FREDDOCAP<a name="HBBeverages-FREDDOCAP"> </a></td><td>Freddo Cappuccino</td></tr><tr><td style="white-space:nowrap">AFFOFATO<a name="HBBeverages-AFFOFATO"> </a></td><td>Affogato</td></tr><tr><td style="white-space:nowrap">BABYCCINO<a name="HBBeverages-BABYCCINO"> </a></td><td>Babyccino</td></tr><tr><td style="white-space:nowrap">MEDICI<a name="HBBeverages-MEDICI"> </a></td><td>Caffè Medici</td></tr><tr><td style="white-space:nowrap">TOUBA<a name="HBBeverages-TOUBA"> </a></td><td>Café Touba</td></tr><tr><td style="white-space:nowrap">COFMILK<a name="HBBeverages-COFMILK"> </a></td><td>Coffee milk</td></tr><tr><td style="white-space:nowrap">DOUBLE<a name="HBBeverages-DOUBLE"> </a></td><td>Double Double</td></tr><tr><td style="white-space:nowrap">EGGCOF<a name="HBBeverages-EGGCOF"> </a></td><td>Egg coffee</td></tr><tr><td style="white-space:nowrap">INDIAN<a name="HBBeverages-INDIAN"> </a></td><td>Indian filter coffee</td></tr><tr><td style="white-space:nowrap">POCILLO<a name="HBBeverages-POCILLO"> </a></td><td>Pocillo</td></tr></table></div>
  </text>
  <url value="http://example.org/CodeSystem/HBBeverages"/>
  <version value="2021-April-1st"/>
  <name value="HBBeverages"/>
  <title value="Hot Beverage List"/>
  <status value="active"/>
  <date value="2021-04-01T07:51:30-05:00"/>
  <description value="Legal Beverages to be made in coffee pot"/>
  <content value="complete"/>
  <count value="23"/>
  <concept>
    <code value="DRIP"/>
    <display value="Drip or filtered"/>
  </concept>
  <concept>
    <code value="FRENCHPRESS"/>
    <display value="French press or cafeti&#xE8;re"/>
  </concept>
  <concept>
    <code value="COLDBREW"/>
    <display value="Cold brew"/>
  </concept>
  <concept>
    <code value="PERC"/>
    <display value="Percolated"/>
  </concept>
  <concept>
    <code value="TURKISH"/>
    <display value="Turkish coffee"/>
  </concept>
  <concept>
    <code value="MOKA"/>
    <display value="Moka"/>
  </concept>
  <concept>
    <code value="VACUUM"/>
    <display value="Vacuum coffee"/>
  </concept>
  <concept>
    <code value="ESPRESSO"/>
    <display value="Espresso"/>
  </concept>
  <concept>
    <code value="COFWESP"/>
    <display value="Coffee with espresso"/>
  </concept>
  <concept>
    <code value="COFWTEA"/>
    <display value="Coffee with tea"/>
  </concept>
  <concept>
    <code value="ICED"/>
    <display value="Iced Coffee"/>
  </concept>
  <concept>
    <code value="FRAPPE"/>
    <display value="Frapp&#xE9;"/>
  </concept>
  <concept>
    <code value="FREDDOESP"/>
    <display value="Freddo Espresso"/>
  </concept>
  <concept>
    <code value="FREDDOCAP"/>
    <display value="Freddo Cappuccino"/>
  </concept>
  <concept>
    <code value="AFFOFATO"/>
    <display value="Affogato"/>
  </concept>
  <concept>
    <code value="BABYCCINO"/>
    <display value="Babyccino"/>
  </concept>
  <concept>
    <code value="MEDICI"/>
    <display value="Caff&#xE8; Medici"/>
  </concept>
  <concept>
    <code value="TOUBA"/>
    <display value="Caf&#xE9; Touba"/>
  </concept>
  <concept>
    <code value="COFMILK"/>
    <display value="Coffee milk"/>
  </concept>
  <concept>
    <code value="DOUBLE"/>
    <display value="Double Double"/>
  </concept>
  <concept>
    <code value="EGGCOF"/>
    <display value="Egg coffee"/>
  </concept>
  <concept>
    <code value="INDIAN"/>
    <display value="Indian filter coffee"/>
  </concept>
  <concept>
    <code value="POCILLO"/>
    <display value="Pocillo"/>
  </concept>
</CodeSystem>