{
  "resourceType": "ValueSet",
  "id": "HBBeverageVS",
  "text": {
    "status": "generated",
    "div": "<div xmlns=\"http://www.w3.org/1999/xhtml\"><ul><li>Include all codes defined in <a href=\"CodeSystem-HBBeverages.html\"><code>http://example.org/CodeSystem/HBBeverages</code></a></li></ul></div>"
  },
  "url": "http://example.org/ValueSet/HBBeverageVS",
  "version": "2021-April-1st",
  "name": "HBBeverageVS",
  "title": "Hot Beverages Value Set",
  "status": "active",
  "date": "2021-04-01T07:51:30-05:00",
  "description": "All beverages allowed to be made via Hot Beverage",
  "compose": {
    "include": [
      {
        "system": "http://example.org/CodeSystem/HBBeverages"
      }
    ]
  }
}