{
  "resourceType": "ValueSet",
  "id": "HBMilkVS",
  "text": {
    "status": "generated",
    "div": "<div xmlns=\"http://www.w3.org/1999/xhtml\"><ul><li>Include all codes defined in <a href=\"CodeSystem-HBMilks.html\"><code>http://example.org/CodeSystem/HBMilks</code></a></li></ul></div>"
  },
  "url": "http://example.org/ValueSet/HBMilkVS",
  "version": "2021-April-1st",
  "name": "HBMilkVS",
  "title": "Milk Additive Value Set",
  "status": "active",
  "date": "2021-04-01T07:51:30-05:00",
  "description": "Milk and milklike liquids for use in coffee",
  "compose": {
    "include": [
      {
        "system": "http://example.org/CodeSystem/HBMilks"
      }
    ]
  }
}