<?xml version="1.0" encoding="UTF-8"?>

<Bundle xmlns="http://hl7.org/fhir">
  <id value="c3377bbe-bcae-42dc-97a0-feba60d414be"/>
  <meta>
    <lastUpdated value="2021-04-01T16:12:56.601-04:00"/>
  </meta>
  <type value="collection"/>
  <entry>
    <fullUrl value="http://example.org/ValueSet/HBAlcoholVS"/>
    <resource>
      <ValueSet>
        <id value="HBAlcoholVS"/>
        <text>
          <status value="generated"/>
          <div xmlns="http://www.w3.org/1999/xhtml">
            <p>This value set contains 9 concepts</p>
            <p style="border: black 1px dotted; background-color: #EEEEEE; padding: 8px; margin-bottom: 8px">Expansion based on 
              <a href="CodeSystem-HBAlcohol.html">Alcohol List v2021-April-1st (CodeSystem)</a>
            </p>
            <p>All codes from system 
              <a href="CodeSystem-HBAlcohol.html">
                <code>http://example.org/CodeSystem/HBAlcohol</code>
              </a>
            </p>
            <table class="codes">
              <tr>
                <td style="white-space:nowrap">
                  <b>Code</b>
                </td>
                <td>
                  <b>Display</b>
                </td>
                <td>
                  <b>Definition</b>
                </td>
              </tr>
              <tr>
                <td style="white-space:nowrap">
                  <a name="http---example.org-CodeSystem-HBAlcohol-BOURBON"> </a>
                  <a href="CodeSystem-HBAlcohol.html#HBAlcohol-BOURBON">BOURBON</a>
                </td>
                <td>bourbon</td>
                <td/>
              </tr>
              <tr>
                <td style="white-space:nowrap">
                  <a name="http---example.org-CodeSystem-HBAlcohol-RUM"> </a>
                  <a href="CodeSystem-HBAlcohol.html#HBAlcohol-RUM">RUM</a>
                </td>
                <td>rum</td>
                <td/>
              </tr>
              <tr>
                <td style="white-space:nowrap">
                  <a name="http---example.org-CodeSystem-HBAlcohol-BAILEYS"> </a>
                  <a href="CodeSystem-HBAlcohol.html#HBAlcohol-BAILEYS">BAILEYS</a>
                </td>
                <td>Baileys</td>
                <td/>
              </tr>
              <tr>
                <td style="white-space:nowrap">
                  <a name="http---example.org-CodeSystem-HBAlcohol-GIN"> </a>
                  <a href="CodeSystem-HBAlcohol.html#HBAlcohol-GIN">GIN</a>
                </td>
                <td>gin</td>
                <td/>
              </tr>
              <tr>
                <td style="white-space:nowrap">
                  <a name="http---example.org-CodeSystem-HBAlcohol-RYE"> </a>
                  <a href="CodeSystem-HBAlcohol.html#HBAlcohol-RYE">RYE</a>
                </td>
                <td>rye</td>
                <td/>
              </tr>
              <tr>
                <td style="white-space:nowrap">
                  <a name="http---example.org-CodeSystem-HBAlcohol-VODKA"> </a>
                  <a href="CodeSystem-HBAlcohol.html#HBAlcohol-VODKA">VODKA</a>
                </td>
                <td>vodka</td>
                <td/>
              </tr>
              <tr>
                <td style="white-space:nowrap">
                  <a name="http---example.org-CodeSystem-HBAlcohol-CINNAMON"> </a>
                  <a href="CodeSystem-HBAlcohol.html#HBAlcohol-CINNAMON">CINNAMON</a>
                </td>
                <td>cinnamon schnapps</td>
                <td/>
              </tr>
              <tr>
                <td style="white-space:nowrap">
                  <a name="http---example.org-CodeSystem-HBAlcohol-HAZELNUT"> </a>
                  <a href="CodeSystem-HBAlcohol.html#HBAlcohol-HAZELNUT">HAZELNUT</a>
                </td>
                <td>hazelnut  liqueur</td>
                <td/>
              </tr>
              <tr>
                <td style="white-space:nowrap">
                  <a name="http---example.org-CodeSystem-HBAlcohol-CHOCOLATE"> </a>
                  <a href="CodeSystem-HBAlcohol.html#HBAlcohol-CHOCOLATE">CHOCOLATE</a>
                </td>
                <td>chocolate Liqueur</td>
                <td/>
              </tr>
            </table>
          </div>
        </text>
        <url value="http://example.org/ValueSet/HBAlcoholVS"/>
        <version value="2021-April-1st"/>
        <name value="HBAlcoholVS"/>
        <title value="Alcohol Additive Value Set"/>
        <status value="active"/>
        <date value="2021-04-01T16:12:56-04:00"/>
        <description value="Alcohol liquids for use in coffee"/>
        <expansion>
          <identifier value="urn:uuid:11ac7e4f-d59f-4dec-b5a0-4d1a31a1e05a"/>
          <timestamp value="2021-04-01T16:13:11-04:00"/>
          <total value="9"/>
          <parameter>
            <name value="excludeNested"/>
            <valueBoolean value="false"/>
          </parameter>
          <parameter>
            <name value="version"/>
            <valueUri value="http://example.org/CodeSystem/HBAlcohol|2021-April-1st"/>
          </parameter>
          <contains>
            <system value="http://example.org/CodeSystem/HBAlcohol"/>
            <code value="BOURBON"/>
            <display value="bourbon"/>
          </contains>
          <contains>
            <system value="http://example.org/CodeSystem/HBAlcohol"/>
            <code value="RUM"/>
            <display value="rum"/>
          </contains>
          <contains>
            <system value="http://example.org/CodeSystem/HBAlcohol"/>
            <code value="BAILEYS"/>
            <display value="Baileys"/>
          </contains>
          <contains>
            <system value="http://example.org/CodeSystem/HBAlcohol"/>
            <code value="GIN"/>
            <display value="gin"/>
          </contains>
          <contains>
            <system value="http://example.org/CodeSystem/HBAlcohol"/>
            <code value="RYE"/>
            <display value="rye"/>
          </contains>
          <contains>
            <system value="http://example.org/CodeSystem/HBAlcohol"/>
            <code value="VODKA"/>
            <display value="vodka"/>
          </contains>
          <contains>
            <system value="http://example.org/CodeSystem/HBAlcohol"/>
            <code value="CINNAMON"/>
            <display value="cinnamon schnapps"/>
          </contains>
          <contains>
            <system value="http://example.org/CodeSystem/HBAlcohol"/>
            <code value="HAZELNUT"/>
            <display value="hazelnut  liqueur"/>
          </contains>
          <contains>
            <system value="http://example.org/CodeSystem/HBAlcohol"/>
            <code value="CHOCOLATE"/>
            <display value="chocolate Liqueur"/>
          </contains>
        </expansion>
      </ValueSet>
    </resource>
  </entry>
  <entry>
    <fullUrl value="http://example.org/ValueSet/HBBeverageVS"/>
    <resource>
      <ValueSet>
        <id value="HBBeverageVS"/>
        <text>
          <status value="generated"/>
          <div xmlns="http://www.w3.org/1999/xhtml">
            <p>This value set contains 23 concepts</p>
            <p style="border: black 1px dotted; background-color: #EEEEEE; padding: 8px; margin-bottom: 8px">Expansion based on 
              <a href="CodeSystem-HBBeverages.html">Hot Beverage List v2021-April-1st (CodeSystem)</a>
            </p>
            <p>All codes from system 
              <a href="CodeSystem-HBBeverages.html">
                <code>http://example.org/CodeSystem/HBBeverages</code>
              </a>
            </p>
            <table class="codes">
              <tr>
                <td style="white-space:nowrap">
                  <b>Code</b>
                </td>
                <td>
                  <b>Display</b>
                </td>
                <td>
                  <b>Definition</b>
                </td>
              </tr>
              <tr>
                <td style="white-space:nowrap">
                  <a name="http---example.org-CodeSystem-HBBeverages-DRIP"> </a>
                  <a href="CodeSystem-HBBeverages.html#HBBeverages-DRIP">DRIP</a>
                </td>
                <td>Drip or filtered</td>
                <td/>
              </tr>
              <tr>
                <td style="white-space:nowrap">
                  <a name="http---example.org-CodeSystem-HBBeverages-FRENCHPRESS"> </a>
                  <a href="CodeSystem-HBBeverages.html#HBBeverages-FRENCHPRESS">FRENCHPRESS</a>
                </td>
                <td>French press or cafetière</td>
                <td/>
              </tr>
              <tr>
                <td style="white-space:nowrap">
                  <a name="http---example.org-CodeSystem-HBBeverages-COLDBREW"> </a>
                  <a href="CodeSystem-HBBeverages.html#HBBeverages-COLDBREW">COLDBREW</a>
                </td>
                <td>Cold brew</td>
                <td/>
              </tr>
              <tr>
                <td style="white-space:nowrap">
                  <a name="http---example.org-CodeSystem-HBBeverages-PERC"> </a>
                  <a href="CodeSystem-HBBeverages.html#HBBeverages-PERC">PERC</a>
                </td>
                <td>Percolated</td>
                <td/>
              </tr>
              <tr>
                <td style="white-space:nowrap">
                  <a name="http---example.org-CodeSystem-HBBeverages-TURKISH"> </a>
                  <a href="CodeSystem-HBBeverages.html#HBBeverages-TURKISH">TURKISH</a>
                </td>
                <td>Turkish coffee</td>
                <td/>
              </tr>
              <tr>
                <td style="white-space:nowrap">
                  <a name="http---example.org-CodeSystem-HBBeverages-MOKA"> </a>
                  <a href="CodeSystem-HBBeverages.html#HBBeverages-MOKA">MOKA</a>
                </td>
                <td>Moka</td>
                <td/>
              </tr>
              <tr>
                <td style="white-space:nowrap">
                  <a name="http---example.org-CodeSystem-HBBeverages-VACUUM"> </a>
                  <a href="CodeSystem-HBBeverages.html#HBBeverages-VACUUM">VACUUM</a>
                </td>
                <td>Vacuum coffee</td>
                <td/>
              </tr>
              <tr>
                <td style="white-space:nowrap">
                  <a name="http---example.org-CodeSystem-HBBeverages-ESPRESSO"> </a>
                  <a href="CodeSystem-HBBeverages.html#HBBeverages-ESPRESSO">ESPRESSO</a>
                </td>
                <td>Espresso</td>
                <td/>
              </tr>
              <tr>
                <td style="white-space:nowrap">
                  <a name="http---example.org-CodeSystem-HBBeverages-COFWESP"> </a>
                  <a href="CodeSystem-HBBeverages.html#HBBeverages-COFWESP">COFWESP</a>
                </td>
                <td>Coffee with espresso</td>
                <td/>
              </tr>
              <tr>
                <td style="white-space:nowrap">
                  <a name="http---example.org-CodeSystem-HBBeverages-COFWTEA"> </a>
                  <a href="CodeSystem-HBBeverages.html#HBBeverages-COFWTEA">COFWTEA</a>
                </td>
                <td>Coffee with tea</td>
                <td/>
              </tr>
              <tr>
                <td style="white-space:nowrap">
                  <a name="http---example.org-CodeSystem-HBBeverages-ICED"> </a>
                  <a href="CodeSystem-HBBeverages.html#HBBeverages-ICED">ICED</a>
                </td>
                <td>Iced Coffee</td>
                <td/>
              </tr>
              <tr>
                <td style="white-space:nowrap">
                  <a name="http---example.org-CodeSystem-HBBeverages-FRAPPE"> </a>
                  <a href="CodeSystem-HBBeverages.html#HBBeverages-FRAPPE">FRAPPE</a>
                </td>
                <td>Frappé</td>
                <td/>
              </tr>
              <tr>
                <td style="white-space:nowrap">
                  <a name="http---example.org-CodeSystem-HBBeverages-FREDDOESP"> </a>
                  <a href="CodeSystem-HBBeverages.html#HBBeverages-FREDDOESP">FREDDOESP</a>
                </td>
                <td>Freddo Espresso</td>
                <td/>
              </tr>
              <tr>
                <td style="white-space:nowrap">
                  <a name="http---example.org-CodeSystem-HBBeverages-FREDDOCAP"> </a>
                  <a href="CodeSystem-HBBeverages.html#HBBeverages-FREDDOCAP">FREDDOCAP</a>
                </td>
                <td>Freddo Cappuccino</td>
                <td/>
              </tr>
              <tr>
                <td style="white-space:nowrap">
                  <a name="http---example.org-CodeSystem-HBBeverages-AFFOFATO"> </a>
                  <a href="CodeSystem-HBBeverages.html#HBBeverages-AFFOFATO">AFFOFATO</a>
                </td>
                <td>Affogato</td>
                <td/>
              </tr>
              <tr>
                <td style="white-space:nowrap">
                  <a name="http---example.org-CodeSystem-HBBeverages-BABYCCINO"> </a>
                  <a href="CodeSystem-HBBeverages.html#HBBeverages-BABYCCINO">BABYCCINO</a>
                </td>
                <td>Babyccino</td>
                <td/>
              </tr>
              <tr>
                <td style="white-space:nowrap">
                  <a name="http---example.org-CodeSystem-HBBeverages-MEDICI"> </a>
                  <a href="CodeSystem-HBBeverages.html#HBBeverages-MEDICI">MEDICI</a>
                </td>
                <td>Caffè Medici</td>
                <td/>
              </tr>
              <tr>
                <td style="white-space:nowrap">
                  <a name="http---example.org-CodeSystem-HBBeverages-TOUBA"> </a>
                  <a href="CodeSystem-HBBeverages.html#HBBeverages-TOUBA">TOUBA</a>
                </td>
                <td>Café Touba</td>
                <td/>
              </tr>
              <tr>
                <td style="white-space:nowrap">
                  <a name="http---example.org-CodeSystem-HBBeverages-COFMILK"> </a>
                  <a href="CodeSystem-HBBeverages.html#HBBeverages-COFMILK">COFMILK</a>
                </td>
                <td>Coffee milk</td>
                <td/>
              </tr>
              <tr>
                <td style="white-space:nowrap">
                  <a name="http---example.org-CodeSystem-HBBeverages-DOUBLE"> </a>
                  <a href="CodeSystem-HBBeverages.html#HBBeverages-DOUBLE">DOUBLE</a>
                </td>
                <td>Double Double</td>
                <td/>
              </tr>
              <tr>
                <td style="white-space:nowrap">
                  <a name="http---example.org-CodeSystem-HBBeverages-EGGCOF"> </a>
                  <a href="CodeSystem-HBBeverages.html#HBBeverages-EGGCOF">EGGCOF</a>
                </td>
                <td>Egg coffee</td>
                <td/>
              </tr>
              <tr>
                <td style="white-space:nowrap">
                  <a name="http---example.org-CodeSystem-HBBeverages-INDIAN"> </a>
                  <a href="CodeSystem-HBBeverages.html#HBBeverages-INDIAN">INDIAN</a>
                </td>
                <td>Indian filter coffee</td>
                <td/>
              </tr>
              <tr>
                <td style="white-space:nowrap">
                  <a name="http---example.org-CodeSystem-HBBeverages-POCILLO"> </a>
                  <a href="CodeSystem-HBBeverages.html#HBBeverages-POCILLO">POCILLO</a>
                </td>
                <td>Pocillo</td>
                <td/>
              </tr>
            </table>
          </div>
        </text>
        <url value="http://example.org/ValueSet/HBBeverageVS"/>
        <version value="2021-April-1st"/>
        <name value="HBBeverageVS"/>
        <title value="Hot Beverages Value Set"/>
        <status value="active"/>
        <date value="2021-04-01T16:12:56-04:00"/>
        <description value="All beverages allowed to be made via Hot Beverage"/>
        <expansion>
          <identifier value="urn:uuid:ff931eb2-1a74-4d20-9e7f-9fed464faf6b"/>
          <timestamp value="2021-04-01T16:13:11-04:00"/>
          <total value="23"/>
          <parameter>
            <name value="excludeNested"/>
            <valueBoolean value="false"/>
          </parameter>
          <parameter>
            <name value="version"/>
            <valueUri value="http://example.org/CodeSystem/HBBeverages|2021-April-1st"/>
          </parameter>
          <contains>
            <system value="http://example.org/CodeSystem/HBBeverages"/>
            <code value="DRIP"/>
            <display value="Drip or filtered"/>
          </contains>
          <contains>
            <system value="http://example.org/CodeSystem/HBBeverages"/>
            <code value="FRENCHPRESS"/>
            <display value="French press or cafeti&#xE8;re"/>
          </contains>
          <contains>
            <system value="http://example.org/CodeSystem/HBBeverages"/>
            <code value="COLDBREW"/>
            <display value="Cold brew"/>
          </contains>
          <contains>
            <system value="http://example.org/CodeSystem/HBBeverages"/>
            <code value="PERC"/>
            <display value="Percolated"/>
          </contains>
          <contains>
            <system value="http://example.org/CodeSystem/HBBeverages"/>
            <code value="TURKISH"/>
            <display value="Turkish coffee"/>
          </contains>
          <contains>
            <system value="http://example.org/CodeSystem/HBBeverages"/>
            <code value="MOKA"/>
            <display value="Moka"/>
          </contains>
          <contains>
            <system value="http://example.org/CodeSystem/HBBeverages"/>
            <code value="VACUUM"/>
            <display value="Vacuum coffee"/>
          </contains>
          <contains>
            <system value="http://example.org/CodeSystem/HBBeverages"/>
            <code value="ESPRESSO"/>
            <display value="Espresso"/>
          </contains>
          <contains>
            <system value="http://example.org/CodeSystem/HBBeverages"/>
            <code value="COFWESP"/>
            <display value="Coffee with espresso"/>
          </contains>
          <contains>
            <system value="http://example.org/CodeSystem/HBBeverages"/>
            <code value="COFWTEA"/>
            <display value="Coffee with tea"/>
          </contains>
          <contains>
            <system value="http://example.org/CodeSystem/HBBeverages"/>
            <code value="ICED"/>
            <display value="Iced Coffee"/>
          </contains>
          <contains>
            <system value="http://example.org/CodeSystem/HBBeverages"/>
            <code value="FRAPPE"/>
            <display value="Frapp&#xE9;"/>
          </contains>
          <contains>
            <system value="http://example.org/CodeSystem/HBBeverages"/>
            <code value="FREDDOESP"/>
            <display value="Freddo Espresso"/>
          </contains>
          <contains>
            <system value="http://example.org/CodeSystem/HBBeverages"/>
            <code value="FREDDOCAP"/>
            <display value="Freddo Cappuccino"/>
          </contains>
          <contains>
            <system value="http://example.org/CodeSystem/HBBeverages"/>
            <code value="AFFOFATO"/>
            <display value="Affogato"/>
          </contains>
          <contains>
            <system value="http://example.org/CodeSystem/HBBeverages"/>
            <code value="BABYCCINO"/>
            <display value="Babyccino"/>
          </contains>
          <contains>
            <system value="http://example.org/CodeSystem/HBBeverages"/>
            <code value="MEDICI"/>
            <display value="Caff&#xE8; Medici"/>
          </contains>
          <contains>
            <system value="http://example.org/CodeSystem/HBBeverages"/>
            <code value="TOUBA"/>
            <display value="Caf&#xE9; Touba"/>
          </contains>
          <contains>
            <system value="http://example.org/CodeSystem/HBBeverages"/>
            <code value="COFMILK"/>
            <display value="Coffee milk"/>
          </contains>
          <contains>
            <system value="http://example.org/CodeSystem/HBBeverages"/>
            <code value="DOUBLE"/>
            <display value="Double Double"/>
          </contains>
          <contains>
            <system value="http://example.org/CodeSystem/HBBeverages"/>
            <code value="EGGCOF"/>
            <display value="Egg coffee"/>
          </contains>
          <contains>
            <system value="http://example.org/CodeSystem/HBBeverages"/>
            <code value="INDIAN"/>
            <display value="Indian filter coffee"/>
          </contains>
          <contains>
            <system value="http://example.org/CodeSystem/HBBeverages"/>
            <code value="POCILLO"/>
            <display value="Pocillo"/>
          </contains>
        </expansion>
      </ValueSet>
    </resource>
  </entry>
  <entry>
    <fullUrl value="http://example.org/ValueSet/HBDrinkSizeVS"/>
    <resource>
      <ValueSet>
        <id value="HBDrinkSizeVS"/>
        <text>
          <status value="generated"/>
          <div xmlns="http://www.w3.org/1999/xhtml">
            <p>This value set contains 5 concepts</p>
            <p style="border: black 1px dotted; background-color: #EEEEEE; padding: 8px; margin-bottom: 8px">Expansion based on 
              <a href="CodeSystem-HBDrinkSize.html">Drink Size v2021-April-1st (CodeSystem)</a>
            </p>
            <p>All codes from system 
              <a href="CodeSystem-HBDrinkSize.html">
                <code>http://example.org/CodeSystem/HBDrinkSize</code>
              </a>
            </p>
            <table class="codes">
              <tr>
                <td style="white-space:nowrap">
                  <b>Code</b>
                </td>
                <td>
                  <b>Display</b>
                </td>
                <td>
                  <b>Definition</b>
                </td>
              </tr>
              <tr>
                <td style="white-space:nowrap">
                  <a name="http---example.org-CodeSystem-HBDrinkSize-SMALL"> </a>
                  <a href="CodeSystem-HBDrinkSize.html#HBDrinkSize-SMALL">SMALL</a>
                </td>
                <td>Small</td>
                <td>You call that a coffee?</td>
              </tr>
              <tr>
                <td style="white-space:nowrap">
                  <a name="http---example.org-CodeSystem-HBDrinkSize-MED"> </a>
                  <a href="CodeSystem-HBDrinkSize.html#HBDrinkSize-MED">MED</a>
                </td>
                <td>Medium</td>
                <td>Not enough</td>
              </tr>
              <tr>
                <td style="white-space:nowrap">
                  <a name="http---example.org-CodeSystem-HBDrinkSize-LARGE"> </a>
                  <a href="CodeSystem-HBDrinkSize.html#HBDrinkSize-LARGE">LARGE</a>
                </td>
                <td>Large</td>
                <td>That will get you started</td>
              </tr>
              <tr>
                <td style="white-space:nowrap">
                  <a name="http---example.org-CodeSystem-HBDrinkSize-XLARGE"> </a>
                  <a href="CodeSystem-HBDrinkSize.html#HBDrinkSize-XLARGE">XLARGE</a>
                </td>
                <td>Extra Large</td>
                <td>Single meeting size</td>
              </tr>
              <tr>
                <td style="white-space:nowrap">
                  <a name="http---example.org-CodeSystem-HBDrinkSize-PROG"> </a>
                  <a href="CodeSystem-HBDrinkSize.html#HBDrinkSize-PROG">PROG</a>
                </td>
                <td>Programmer size</td>
                <td>Just over a pot</td>
              </tr>
            </table>
          </div>
        </text>
        <url value="http://example.org/ValueSet/HBDrinkSizeVS"/>
        <version value="2021-April-1st"/>
        <name value="HBDrinkSizeVS"/>
        <title value="Size of Beverage to be Consumed"/>
        <status value="active"/>
        <date value="2021-04-01T16:12:56-04:00"/>
        <description value="You want how much?"/>
        <expansion>
          <identifier value="urn:uuid:71ab75f7-67c6-43f7-a930-b22a24680df8"/>
          <timestamp value="2021-04-01T16:13:11-04:00"/>
          <total value="5"/>
          <parameter>
            <name value="excludeNested"/>
            <valueBoolean value="false"/>
          </parameter>
          <parameter>
            <name value="version"/>
            <valueUri value="http://example.org/CodeSystem/HBDrinkSize|2021-April-1st"/>
          </parameter>
          <contains>
            <system value="http://example.org/CodeSystem/HBDrinkSize"/>
            <code value="SMALL"/>
            <display value="Small"/>
          </contains>
          <contains>
            <system value="http://example.org/CodeSystem/HBDrinkSize"/>
            <code value="MED"/>
            <display value="Medium"/>
          </contains>
          <contains>
            <system value="http://example.org/CodeSystem/HBDrinkSize"/>
            <code value="LARGE"/>
            <display value="Large"/>
          </contains>
          <contains>
            <system value="http://example.org/CodeSystem/HBDrinkSize"/>
            <code value="XLARGE"/>
            <display value="Extra Large"/>
          </contains>
          <contains>
            <system value="http://example.org/CodeSystem/HBDrinkSize"/>
            <code value="PROG"/>
            <display value="Programmer size"/>
          </contains>
        </expansion>
      </ValueSet>
    </resource>
  </entry>
  <entry>
    <fullUrl value="http://example.org/ValueSet/HBMilkVS"/>
    <resource>
      <ValueSet>
        <id value="HBMilkVS"/>
        <text>
          <status value="generated"/>
          <div xmlns="http://www.w3.org/1999/xhtml">
            <p>This value set contains 8 concepts</p>
            <p style="border: black 1px dotted; background-color: #EEEEEE; padding: 8px; margin-bottom: 8px">Expansion based on 
              <a href="CodeSystem-HBMilks.html">Milks List v2021-April-1st (CodeSystem)</a>
            </p>
            <p>All codes from system 
              <a href="CodeSystem-HBMilks.html">
                <code>http://example.org/CodeSystem/HBMilks</code>
              </a>
            </p>
            <table class="codes">
              <tr>
                <td style="white-space:nowrap">
                  <b>Code</b>
                </td>
                <td>
                  <b>Display</b>
                </td>
                <td>
                  <b>Definition</b>
                </td>
              </tr>
              <tr>
                <td style="white-space:nowrap">
                  <a name="http---example.org-CodeSystem-HBMilks-RICEMILK"> </a>
                  <a href="CodeSystem-HBMilks.html#HBMilks-RICEMILK">RICEMILK</a>
                </td>
                <td>Rice Milk</td>
                <td/>
              </tr>
              <tr>
                <td style="white-space:nowrap">
                  <a name="http---example.org-CodeSystem-HBMilks-ALMOND"> </a>
                  <a href="CodeSystem-HBMilks.html#HBMilks-ALMOND">ALMOND</a>
                </td>
                <td>Almond Milk</td>
                <td/>
              </tr>
              <tr>
                <td style="white-space:nowrap">
                  <a name="http---example.org-CodeSystem-HBMilks-SKIM"> </a>
                  <a href="CodeSystem-HBMilks.html#HBMilks-SKIM">SKIM</a>
                </td>
                <td>Skim Milk</td>
                <td/>
              </tr>
              <tr>
                <td style="white-space:nowrap">
                  <a name="http---example.org-CodeSystem-HBMilks-SOY"> </a>
                  <a href="CodeSystem-HBMilks.html#HBMilks-SOY">SOY</a>
                </td>
                <td>Soy Milk</td>
                <td/>
              </tr>
              <tr>
                <td style="white-space:nowrap">
                  <a name="http---example.org-CodeSystem-HBMilks-FULLCREAM"> </a>
                  <a href="CodeSystem-HBMilks.html#HBMilks-FULLCREAM">FULLCREAM</a>
                </td>
                <td>Full Cream Milk</td>
                <td/>
              </tr>
              <tr>
                <td style="white-space:nowrap">
                  <a name="http---example.org-CodeSystem-HBMilks-COCONUT"> </a>
                  <a href="CodeSystem-HBMilks.html#HBMilks-COCONUT">COCONUT</a>
                </td>
                <td>Coconut Milk</td>
                <td/>
              </tr>
              <tr>
                <td style="white-space:nowrap">
                  <a name="http---example.org-CodeSystem-HBMilks-HALF"> </a>
                  <a href="CodeSystem-HBMilks.html#HBMilks-HALF">HALF</a>
                </td>
                <td>Half and Half</td>
                <td/>
              </tr>
              <tr>
                <td style="white-space:nowrap">
                  <a name="http---example.org-CodeSystem-HBMilks-TABLE"> </a>
                  <a href="CodeSystem-HBMilks.html#HBMilks-TABLE">TABLE</a>
                </td>
                <td>Table Cream</td>
                <td/>
              </tr>
            </table>
          </div>
        </text>
        <url value="http://example.org/ValueSet/HBMilkVS"/>
        <version value="2021-April-1st"/>
        <name value="HBMilkVS"/>
        <title value="Milk Additive Value Set"/>
        <status value="active"/>
        <date value="2021-04-01T16:12:56-04:00"/>
        <description value="Milk and milklike liquids for use in coffee"/>
        <expansion>
          <identifier value="urn:uuid:a5665577-382e-4292-ae3f-0930e03ac452"/>
          <timestamp value="2021-04-01T16:13:11-04:00"/>
          <total value="8"/>
          <parameter>
            <name value="excludeNested"/>
            <valueBoolean value="false"/>
          </parameter>
          <parameter>
            <name value="version"/>
            <valueUri value="http://example.org/CodeSystem/HBMilks|2021-April-1st"/>
          </parameter>
          <contains>
            <system value="http://example.org/CodeSystem/HBMilks"/>
            <code value="RICEMILK"/>
            <display value="Rice Milk"/>
          </contains>
          <contains>
            <system value="http://example.org/CodeSystem/HBMilks"/>
            <code value="ALMOND"/>
            <display value="Almond Milk"/>
          </contains>
          <contains>
            <system value="http://example.org/CodeSystem/HBMilks"/>
            <code value="SKIM"/>
            <display value="Skim Milk"/>
          </contains>
          <contains>
            <system value="http://example.org/CodeSystem/HBMilks"/>
            <code value="SOY"/>
            <display value="Soy Milk"/>
          </contains>
          <contains>
            <system value="http://example.org/CodeSystem/HBMilks"/>
            <code value="FULLCREAM"/>
            <display value="Full Cream Milk"/>
          </contains>
          <contains>
            <system value="http://example.org/CodeSystem/HBMilks"/>
            <code value="COCONUT"/>
            <display value="Coconut Milk"/>
          </contains>
          <contains>
            <system value="http://example.org/CodeSystem/HBMilks"/>
            <code value="HALF"/>
            <display value="Half and Half"/>
          </contains>
          <contains>
            <system value="http://example.org/CodeSystem/HBMilks"/>
            <code value="TABLE"/>
            <display value="Table Cream"/>
          </contains>
        </expansion>
      </ValueSet>
    </resource>
  </entry>
  <entry>
    <fullUrl value="http://example.org/ValueSet/HBSpiceVS"/>
    <resource>
      <ValueSet>
        <id value="HBSpiceVS"/>
        <text>
          <status value="generated"/>
          <div xmlns="http://www.w3.org/1999/xhtml">
            <p>This value set contains 5 concepts</p>
            <p style="border: black 1px dotted; background-color: #EEEEEE; padding: 8px; margin-bottom: 8px">Expansion based on 
              <a href="CodeSystem-HBSpice.html">Spice List v2021-April-1st (CodeSystem)</a>
            </p>
            <p>All codes from system 
              <a href="CodeSystem-HBSpice.html">
                <code>http://example.org/CodeSystem/HBSpice</code>
              </a>
            </p>
            <table class="codes">
              <tr>
                <td style="white-space:nowrap">
                  <b>Code</b>
                </td>
                <td>
                  <b>Display</b>
                </td>
                <td>
                  <b>Definition</b>
                </td>
              </tr>
              <tr>
                <td style="white-space:nowrap">
                  <a name="http---example.org-CodeSystem-HBSpice-CINNAMON"> </a>
                  <a href="CodeSystem-HBSpice.html#HBSpice-CINNAMON">CINNAMON</a>
                </td>
                <td>cinnamon</td>
                <td/>
              </tr>
              <tr>
                <td style="white-space:nowrap">
                  <a name="http---example.org-CodeSystem-HBSpice-NUTMEG"> </a>
                  <a href="CodeSystem-HBSpice.html#HBSpice-NUTMEG">NUTMEG</a>
                </td>
                <td>nutmeg</td>
                <td/>
              </tr>
              <tr>
                <td style="white-space:nowrap">
                  <a name="http---example.org-CodeSystem-HBSpice-LAVENDER"> </a>
                  <a href="CodeSystem-HBSpice.html#HBSpice-LAVENDER">LAVENDER</a>
                </td>
                <td>lavender</td>
                <td/>
              </tr>
              <tr>
                <td style="white-space:nowrap">
                  <a name="http---example.org-CodeSystem-HBSpice-CARDAMOM"> </a>
                  <a href="CodeSystem-HBSpice.html#HBSpice-CARDAMOM">CARDAMOM</a>
                </td>
                <td>cardamom</td>
                <td/>
              </tr>
              <tr>
                <td style="white-space:nowrap">
                  <a name="http---example.org-CodeSystem-HBSpice-SALT"> </a>
                  <a href="CodeSystem-HBSpice.html#HBSpice-SALT">SALT</a>
                </td>
                <td>salt</td>
                <td/>
              </tr>
            </table>
          </div>
        </text>
        <url value="http://example.org/ValueSet/HBSpiceVS"/>
        <version value="2021-April-1st"/>
        <name value="HBSpiceVS"/>
        <title value="Spice Additive Value Set"/>
        <status value="active"/>
        <date value="2021-04-01T16:12:56-04:00"/>
        <description value="Spice liquids for use in coffee"/>
        <expansion>
          <identifier value="urn:uuid:f8f5b730-72a0-48a9-94e7-3b28040ffc94"/>
          <timestamp value="2021-04-01T16:13:11-04:00"/>
          <total value="5"/>
          <parameter>
            <name value="excludeNested"/>
            <valueBoolean value="false"/>
          </parameter>
          <parameter>
            <name value="version"/>
            <valueUri value="http://example.org/CodeSystem/HBSpice|2021-April-1st"/>
          </parameter>
          <contains>
            <system value="http://example.org/CodeSystem/HBSpice"/>
            <code value="CINNAMON"/>
            <display value="cinnamon"/>
          </contains>
          <contains>
            <system value="http://example.org/CodeSystem/HBSpice"/>
            <code value="NUTMEG"/>
            <display value="nutmeg"/>
          </contains>
          <contains>
            <system value="http://example.org/CodeSystem/HBSpice"/>
            <code value="LAVENDER"/>
            <display value="lavender"/>
          </contains>
          <contains>
            <system value="http://example.org/CodeSystem/HBSpice"/>
            <code value="CARDAMOM"/>
            <display value="cardamom"/>
          </contains>
          <contains>
            <system value="http://example.org/CodeSystem/HBSpice"/>
            <code value="SALT"/>
            <display value="salt"/>
          </contains>
        </expansion>
      </ValueSet>
    </resource>
  </entry>
  <entry>
    <fullUrl value="http://example.org/ValueSet/HBSweetenersVS"/>
    <resource>
      <ValueSet>
        <id value="HBSweetenersVS"/>
        <text>
          <status value="generated"/>
          <div xmlns="http://www.w3.org/1999/xhtml">
            <p>This value set contains 7 concepts</p>
            <p style="border: black 1px dotted; background-color: #EEEEEE; padding: 8px; margin-bottom: 8px">Expansion based on 
              <a href="CodeSystem-HBSweeteners.html">Sweeteners List v2021-April-1st (CodeSystem)</a>
            </p>
            <p>All codes from system 
              <a href="CodeSystem-HBSweeteners.html">
                <code>http://example.org/CodeSystem/HBSweeteners</code>
              </a>
            </p>
            <table class="codes">
              <tr>
                <td style="white-space:nowrap">
                  <b>Code</b>
                </td>
                <td>
                  <b>Display</b>
                </td>
                <td>
                  <b>Definition</b>
                </td>
              </tr>
              <tr>
                <td style="white-space:nowrap">
                  <a name="http---example.org-CodeSystem-HBSweeteners-STEVIA"> </a>
                  <a href="CodeSystem-HBSweeteners.html#HBSweeteners-STEVIA">STEVIA</a>
                </td>
                <td>Stevia</td>
                <td/>
              </tr>
              <tr>
                <td style="white-space:nowrap">
                  <a name="http---example.org-CodeSystem-HBSweeteners-HONEY"> </a>
                  <a href="CodeSystem-HBSweeteners.html#HBSweeteners-HONEY">HONEY</a>
                </td>
                <td>Honey</td>
                <td/>
              </tr>
              <tr>
                <td style="white-space:nowrap">
                  <a name="http---example.org-CodeSystem-HBSweeteners-WSUGAR"> </a>
                  <a href="CodeSystem-HBSweeteners.html#HBSweeteners-WSUGAR">WSUGAR</a>
                </td>
                <td>White Sugar</td>
                <td/>
              </tr>
              <tr>
                <td style="white-space:nowrap">
                  <a name="http---example.org-CodeSystem-HBSweeteners-BSUGAR"> </a>
                  <a href="CodeSystem-HBSweeteners.html#HBSweeteners-BSUGAR">BSUGAR</a>
                </td>
                <td>Brown Sugar</td>
                <td/>
              </tr>
              <tr>
                <td style="white-space:nowrap">
                  <a name="http---example.org-CodeSystem-HBSweeteners-AGAVE"> </a>
                  <a href="CodeSystem-HBSweeteners.html#HBSweeteners-AGAVE">AGAVE</a>
                </td>
                <td>Agave Nectar</td>
                <td/>
              </tr>
              <tr>
                <td style="white-space:nowrap">
                  <a name="http---example.org-CodeSystem-HBSweeteners-MAPLE"> </a>
                  <a href="CodeSystem-HBSweeteners.html#HBSweeteners-MAPLE">MAPLE</a>
                </td>
                <td>Maple Syrup</td>
                <td/>
              </tr>
              <tr>
                <td style="white-space:nowrap">
                  <a name="http---example.org-CodeSystem-HBSweeteners-MOLASSES"> </a>
                  <a href="CodeSystem-HBSweeteners.html#HBSweeteners-MOLASSES">MOLASSES</a>
                </td>
                <td>Molasses</td>
                <td/>
              </tr>
            </table>
          </div>
        </text>
        <url value="http://example.org/ValueSet/HBSweetenersVS"/>
        <version value="2021-April-1st"/>
        <name value="HBSweetenersVS"/>
        <title value="Sweeteners Additive Value Set"/>
        <status value="active"/>
        <date value="2021-04-01T16:12:56-04:00"/>
        <description value="Sweeteners liquids for use in coffee"/>
        <expansion>
          <identifier value="urn:uuid:7f1450a5-72f2-4b61-ac03-cb0985aba391"/>
          <timestamp value="2021-04-01T16:13:11-04:00"/>
          <total value="7"/>
          <parameter>
            <name value="excludeNested"/>
            <valueBoolean value="false"/>
          </parameter>
          <parameter>
            <name value="version"/>
            <valueUri value="http://example.org/CodeSystem/HBSweeteners|2021-April-1st"/>
          </parameter>
          <contains>
            <system value="http://example.org/CodeSystem/HBSweeteners"/>
            <code value="STEVIA"/>
            <display value="Stevia"/>
          </contains>
          <contains>
            <system value="http://example.org/CodeSystem/HBSweeteners"/>
            <code value="HONEY"/>
            <display value="Honey"/>
          </contains>
          <contains>
            <system value="http://example.org/CodeSystem/HBSweeteners"/>
            <code value="WSUGAR"/>
            <display value="White Sugar"/>
          </contains>
          <contains>
            <system value="http://example.org/CodeSystem/HBSweeteners"/>
            <code value="BSUGAR"/>
            <display value="Brown Sugar"/>
          </contains>
          <contains>
            <system value="http://example.org/CodeSystem/HBSweeteners"/>
            <code value="AGAVE"/>
            <display value="Agave Nectar"/>
          </contains>
          <contains>
            <system value="http://example.org/CodeSystem/HBSweeteners"/>
            <code value="MAPLE"/>
            <display value="Maple Syrup"/>
          </contains>
          <contains>
            <system value="http://example.org/CodeSystem/HBSweeteners"/>
            <code value="MOLASSES"/>
            <display value="Molasses"/>
          </contains>
        </expansion>
      </ValueSet>
    </resource>
  </entry>
  <entry>
    <fullUrl value="http://example.org/ValueSet/HBSyrupVS"/>
    <resource>
      <ValueSet>
        <id value="HBSyrupVS"/>
        <text>
          <status value="generated"/>
          <div xmlns="http://www.w3.org/1999/xhtml">
            <p>This value set contains 10 concepts</p>
            <p style="border: black 1px dotted; background-color: #EEEEEE; padding: 8px; margin-bottom: 8px">Expansion based on 
              <a href="CodeSystem-HBSyrups.html">Syrups List v2021-April-1st (CodeSystem)</a>
            </p>
            <p>All codes from system 
              <a href="CodeSystem-HBSyrups.html">
                <code>http://example.org/CodeSystem/HBSyrups</code>
              </a>
            </p>
            <table class="codes">
              <tr>
                <td style="white-space:nowrap">
                  <b>Code</b>
                </td>
                <td>
                  <b>Display</b>
                </td>
                <td>
                  <b>Definition</b>
                </td>
              </tr>
              <tr>
                <td style="white-space:nowrap">
                  <a name="http---example.org-CodeSystem-HBSyrups-VANILLA"> </a>
                  <a href="CodeSystem-HBSyrups.html#HBSyrups-VANILLA">VANILLA</a>
                </td>
                <td>Vanilla</td>
                <td/>
              </tr>
              <tr>
                <td style="white-space:nowrap">
                  <a name="http---example.org-CodeSystem-HBSyrups-CARAMEL"> </a>
                  <a href="CodeSystem-HBSyrups.html#HBSyrups-CARAMEL">CARAMEL</a>
                </td>
                <td>Caramel</td>
                <td/>
              </tr>
              <tr>
                <td style="white-space:nowrap">
                  <a name="http---example.org-CodeSystem-HBSyrups-HAZELNUT"> </a>
                  <a href="CodeSystem-HBSyrups.html#HBSyrups-HAZELNUT">HAZELNUT</a>
                </td>
                <td>Hazelnut</td>
                <td/>
              </tr>
              <tr>
                <td style="white-space:nowrap">
                  <a name="http---example.org-CodeSystem-HBSyrups-CHOCOLATE"> </a>
                  <a href="CodeSystem-HBSyrups.html#HBSyrups-CHOCOLATE">CHOCOLATE</a>
                </td>
                <td>Chocolate</td>
                <td/>
              </tr>
              <tr>
                <td style="white-space:nowrap">
                  <a name="http---example.org-CodeSystem-HBSyrups-LAVENDER"> </a>
                  <a href="CodeSystem-HBSyrups.html#HBSyrups-LAVENDER">LAVENDER</a>
                </td>
                <td>Lavender</td>
                <td/>
              </tr>
              <tr>
                <td style="white-space:nowrap">
                  <a name="http---example.org-CodeSystem-HBSyrups-BUTTERSCOTCH"> </a>
                  <a href="CodeSystem-HBSyrups.html#HBSyrups-BUTTERSCOTCH">BUTTERSCOTCH</a>
                </td>
                <td>Butterscotch</td>
                <td/>
              </tr>
              <tr>
                <td style="white-space:nowrap">
                  <a name="http---example.org-CodeSystem-HBSyrups-IRISH"> </a>
                  <a href="CodeSystem-HBSyrups.html#HBSyrups-IRISH">IRISH</a>
                </td>
                <td>Irish Cream</td>
                <td/>
              </tr>
              <tr>
                <td style="white-space:nowrap">
                  <a name="http---example.org-CodeSystem-HBSyrups-ORANGE"> </a>
                  <a href="CodeSystem-HBSyrups.html#HBSyrups-ORANGE">ORANGE</a>
                </td>
                <td>Orange Blossom</td>
                <td/>
              </tr>
              <tr>
                <td style="white-space:nowrap">
                  <a name="http---example.org-CodeSystem-HBSyrups-RASPBERRY"> </a>
                  <a href="CodeSystem-HBSyrups.html#HBSyrups-RASPBERRY">RASPBERRY</a>
                </td>
                <td>Raspberry</td>
                <td/>
              </tr>
              <tr>
                <td style="white-space:nowrap">
                  <a name="http---example.org-CodeSystem-HBSyrups-ALMOND"> </a>
                  <a href="CodeSystem-HBSyrups.html#HBSyrups-ALMOND">ALMOND</a>
                </td>
                <td>Almond</td>
                <td/>
              </tr>
            </table>
          </div>
        </text>
        <url value="http://example.org/ValueSet/HBSyrupVS"/>
        <version value="2021-April-1st"/>
        <name value="HBSyrupVS"/>
        <title value="Syrup Additive Value Set"/>
        <status value="active"/>
        <date value="2021-04-01T16:12:56-04:00"/>
        <description value="Syrups for use in coffee"/>
        <expansion>
          <identifier value="urn:uuid:26fe2916-65a8-4e6c-bfcd-d8c12090510d"/>
          <timestamp value="2021-04-01T16:13:11-04:00"/>
          <total value="10"/>
          <parameter>
            <name value="excludeNested"/>
            <valueBoolean value="false"/>
          </parameter>
          <parameter>
            <name value="version"/>
            <valueUri value="http://example.org/CodeSystem/HBSyrups|2021-April-1st"/>
          </parameter>
          <contains>
            <system value="http://example.org/CodeSystem/HBSyrups"/>
            <code value="VANILLA"/>
            <display value="Vanilla"/>
          </contains>
          <contains>
            <system value="http://example.org/CodeSystem/HBSyrups"/>
            <code value="CARAMEL"/>
            <display value="Caramel"/>
          </contains>
          <contains>
            <system value="http://example.org/CodeSystem/HBSyrups"/>
            <code value="HAZELNUT"/>
            <display value="Hazelnut"/>
          </contains>
          <contains>
            <system value="http://example.org/CodeSystem/HBSyrups"/>
            <code value="CHOCOLATE"/>
            <display value="Chocolate"/>
          </contains>
          <contains>
            <system value="http://example.org/CodeSystem/HBSyrups"/>
            <code value="LAVENDER"/>
            <display value="Lavender"/>
          </contains>
          <contains>
            <system value="http://example.org/CodeSystem/HBSyrups"/>
            <code value="BUTTERSCOTCH"/>
            <display value="Butterscotch"/>
          </contains>
          <contains>
            <system value="http://example.org/CodeSystem/HBSyrups"/>
            <code value="IRISH"/>
            <display value="Irish Cream"/>
          </contains>
          <contains>
            <system value="http://example.org/CodeSystem/HBSyrups"/>
            <code value="ORANGE"/>
            <display value="Orange Blossom"/>
          </contains>
          <contains>
            <system value="http://example.org/CodeSystem/HBSyrups"/>
            <code value="RASPBERRY"/>
            <display value="Raspberry"/>
          </contains>
          <contains>
            <system value="http://example.org/CodeSystem/HBSyrups"/>
            <code value="ALMOND"/>
            <display value="Almond"/>
          </contains>
        </expansion>
      </ValueSet>
    </resource>
  </entry>
  <entry>
    <resource>
      <ValueSet>
        <text>
          <status value="generated"/>
          <div xmlns="http://www.w3.org/1999/xhtml">
            <p>This value set contains 1 concepts</p>
            <p style="border: black 1px dotted; background-color: #EEEEEE; padding: 8px; margin-bottom: 8px">Expansion based on SNOMED CT International edition 31-Jan 2021</p>
            <p>All codes from system 
              <a href="http://terminology.hl7.org/2.1.0/CodeSystem-v3-snomed-CT.html">
                <code>http://snomed.info/sct</code>
              </a>
            </p>
            <table class="codes">
              <tr>
                <td style="white-space:nowrap">
                  <b>Code</b>
                </td>
                <td>
                  <b>Display</b>
                </td>
                <td>
                  <b>Definition</b>
                </td>
              </tr>
              <tr>
                <td style="white-space:nowrap">
                  <a name="http---snomed.info-sct-64100000"> </a>
                  <a href="http://browser.ihtsdotools.org/?perspective=full&amp;conceptId1=64100000">64100000</a>
                </td>
                <td>No</td>
                <td/>
              </tr>
            </table>
          </div>
        </text>
        <status value="active"/>
        <expansion>
          <identifier value="urn:uuid:5c802d4e-86ea-4978-b934-3533e8f1ef9b"/>
          <timestamp value="2021-03-31T18:12:24.108Z"/>
          <parameter>
            <name value="limitedExpansion"/>
            <valueBoolean value="true"/>
          </parameter>
          <parameter>
            <name value="version"/>
            <valueString value="http://snomed.info/sct|http://snomed.info/sct/900000000000207008/version/20210131"/>
          </parameter>
          <contains>
            <system value="http://snomed.info/sct"/>
            <code value="64100000"/>
            <display value="No"/>
          </contains>
        </expansion>
      </ValueSet>
    </resource>
  </entry>
</Bundle>