{"resourceType":"CodeSystem","id":"HBBeverages","text":{"status":"generated","div":"<div xmlns=\"http://www.w3.org/1999/xhtml\"><p>This code system http://example.org/CodeSystem/HBBeverages defines the following codes:</p><table class=\"codes\"><tr><td style=\"white-space:nowrap\"><b>Code</b></td><td><b>Display</b></td></tr><tr><td style=\"white-space:nowrap\">DRIP<a name=\"HBBeverages-DRIP\"> </a></td><td>Drip or filtered</td></tr><tr><td style=\"white-space:nowrap\">FRENCHPRESS<a name=\"HBBeverages-FRENCHPRESS\"> </a></td><td>French press or cafetière</td></tr><tr><td style=\"white-space:nowrap\">COLDBREW<a name=\"HBBeverages-COLDBREW\"> </a></td><td>Cold brew</td></tr><tr><td style=\"white-space:nowrap\">PERC<a name=\"HBBeverages-PERC\"> </a></td><td>Percolated</td></tr><tr><td style=\"white-space:nowrap\">TURKISH<a name=\"HBBeverages-TURKISH\"> </a></td><td>Turkish coffee</td></tr><tr><td style=\"white-space:nowrap\">MOKA<a name=\"HBBeverages-MOKA\"> </a></td><td>Moka</td></tr><tr><td style=\"white-space:nowrap\">VACUUM<a name=\"HBBeverages-VACUUM\"> </a></td><td>Vacuum coffee</td></tr><tr><td style=\"white-space:nowrap\">ESPRESSO<a name=\"HBBeverages-ESPRESSO\"> </a></td><td>Espresso</td></tr><tr><td style=\"white-space:nowrap\">COFWESP<a name=\"HBBeverages-COFWESP\"> </a></td><td>Coffee with espresso</td></tr><tr><td style=\"white-space:nowrap\">COFWTEA<a name=\"HBBeverages-COFWTEA\"> </a></td><td>Coffee with tea</td></tr><tr><td style=\"white-space:nowrap\">ICED<a name=\"HBBeverages-ICED\"> </a></td><td>Iced Coffee</td></tr><tr><td style=\"white-space:nowrap\">FRAPPE<a name=\"HBBeverages-FRAPPE\"> </a></td><td>Frappé</td></tr><tr><td style=\"white-space:nowrap\">FREDDOESP<a name=\"HBBeverages-FREDDOESP\"> </a></td><td>Freddo Espresso</td></tr><tr><td style=\"white-space:nowrap\">FREDDOCAP<a name=\"HBBeverages-FREDDOCAP\"> </a></td><td>Freddo Cappuccino</td></tr><tr><td style=\"white-space:nowrap\">AFFOFATO<a name=\"HBBeverages-AFFOFATO\"> </a></td><td>Affogato</td></tr><tr><td style=\"white-space:nowrap\">BABYCCINO<a name=\"HBBeverages-BABYCCINO\"> </a></td><td>Babyccino</td></tr><tr><td style=\"white-space:nowrap\">MEDICI<a name=\"HBBeverages-MEDICI\"> </a></td><td>Caffè Medici</td></tr><tr><td style=\"white-space:nowrap\">TOUBA<a name=\"HBBeverages-TOUBA\"> </a></td><td>Café Touba</td></tr><tr><td style=\"white-space:nowrap\">COFMILK<a name=\"HBBeverages-COFMILK\"> </a></td><td>Coffee milk</td></tr><tr><td style=\"white-space:nowrap\">DOUBLE<a name=\"HBBeverages-DOUBLE\"> </a></td><td>Double Double</td></tr><tr><td style=\"white-space:nowrap\">EGGCOF<a name=\"HBBeverages-EGGCOF\"> </a></td><td>Egg coffee</td></tr><tr><td style=\"white-space:nowrap\">INDIAN<a name=\"HBBeverages-INDIAN\"> </a></td><td>Indian filter coffee</td></tr><tr><td style=\"white-space:nowrap\">POCILLO<a name=\"HBBeverages-POCILLO\"> </a></td><td>Pocillo</td></tr></table></div>"},"url":"http://example.org/CodeSystem/HBBeverages","version":"2021-April-1st","name":"HBBeverages","title":"Hot Beverage List","status":"active","date":"2021-04-01T16:12:56-04:00","description":"Legal Beverages to be made in coffee pot","content":"complete","count":23,"concept":[{"code":"DRIP","display":"Drip or filtered"},{"code":"FRENCHPRESS","display":"French press or cafetière"},{"code":"COLDBREW","display":"Cold brew"},{"code":"PERC","display":"Percolated"},{"code":"TURKISH","display":"Turkish coffee"},{"code":"MOKA","display":"Moka"},{"code":"VACUUM","display":"Vacuum coffee"},{"code":"ESPRESSO","display":"Espresso"},{"code":"COFWESP","display":"Coffee with espresso"},{"code":"COFWTEA","display":"Coffee with tea"},{"code":"ICED","display":"Iced Coffee"},{"code":"FRAPPE","display":"Frappé"},{"code":"FREDDOESP","display":"Freddo Espresso"},{"code":"FREDDOCAP","display":"Freddo Cappuccino"},{"code":"AFFOFATO","display":"Affogato"},{"code":"BABYCCINO","display":"Babyccino"},{"code":"MEDICI","display":"Caffè Medici"},{"code":"TOUBA","display":"Café Touba"},{"code":"COFMILK","display":"Coffee milk"},{"code":"DOUBLE","display":"Double Double"},{"code":"EGGCOF","display":"Egg coffee"},{"code":"INDIAN","display":"Indian filter coffee"},{"code":"POCILLO","display":"Pocillo"}]}