{"resourceType":"ImplementationGuide","id":"fhir.uv.HotBeverage","text":{"status":"extensions","div":"<div xmlns=\"http://www.w3.org/1999/xhtml\"><h2>HotBeverage</h2><p>The official URL for this implementation guide is: </p><pre>http://example.org/ImplementationGuide/fhir.uv.HotBeverage</pre></div>"},"url":"http://example.org/ImplementationGuide/fhir.uv.HotBeverage","version":"2021-April-1st","name":"HotBeverage","title":"HotBeverage FHIR Implementation Guide","status":"draft","date":"2021-04-01T07:51:30-05:00","packageId":"fhir.uv.HotBeverage","license":"CC0-1.0","fhirVersion":["4.0.1"],"definition":{"extension":[{"extension":[{"url":"code","valueString":"copyrightyear"},{"url":"value","valueString":"2021+"}],"url":"http://hl7.org/fhir/tools/StructureDefinition/ig-parameter"},{"extension":[{"url":"code","valueString":"releaselabel"},{"url":"value","valueString":"Joke"}],"url":"http://hl7.org/fhir/tools/StructureDefinition/ig-parameter"},{"extension":[{"url":"code","valueString":"path-liquid"},{"url":"value","valueString":"template/liquid"}],"url":"http://hl7.org/fhir/tools/StructureDefinition/ig-parameter"},{"extension":[{"url":"code","valueString":"path-liquid"},{"url":"value","valueString":"input/liquid"}],"url":"http://hl7.org/fhir/tools/StructureDefinition/ig-parameter"},{"extension":[{"url":"code","valueString":"path-qa"},{"url":"value","valueString":"temp/qa"}],"url":"http://hl7.org/fhir/tools/StructureDefinition/ig-parameter"},{"extension":[{"url":"code","valueString":"path-temp"},{"url":"value","valueString":"temp/pages"}],"url":"http://hl7.org/fhir/tools/StructureDefinition/ig-parameter"},{"extension":[{"url":"code","valueString":"path-output"},{"url":"value","valueString":"output"}],"url":"http://hl7.org/fhir/tools/StructureDefinition/ig-parameter"},{"extension":[{"url":"code","valueString":"path-suppressed-warnings"},{"url":"value","valueString":"input/ignoreWarnings.txt"}],"url":"http://hl7.org/fhir/tools/StructureDefinition/ig-parameter"},{"extension":[{"url":"code","valueString":"path-history"},{"url":"value","valueString":"http://example.org/history.html"}],"url":"http://hl7.org/fhir/tools/StructureDefinition/ig-parameter"},{"extension":[{"url":"code","valueString":"template-html"},{"url":"value","valueString":"template-page.html"}],"url":"http://hl7.org/fhir/tools/StructureDefinition/ig-parameter"},{"extension":[{"url":"code","valueString":"template-md"},{"url":"value","valueString":"template-page-md.html"}],"url":"http://hl7.org/fhir/tools/StructureDefinition/ig-parameter"},{"extension":[{"url":"code","valueString":"apply-contact"},{"url":"value","valueString":"true"}],"url":"http://hl7.org/fhir/tools/StructureDefinition/ig-parameter"},{"extension":[{"url":"code","valueString":"apply-context"},{"url":"value","valueString":"true"}],"url":"http://hl7.org/fhir/tools/StructureDefinition/ig-parameter"},{"extension":[{"url":"code","valueString":"apply-copyright"},{"url":"value","valueString":"true"}],"url":"http://hl7.org/fhir/tools/StructureDefinition/ig-parameter"},{"extension":[{"url":"code","valueString":"apply-jurisdiction"},{"url":"value","valueString":"true"}],"url":"http://hl7.org/fhir/tools/StructureDefinition/ig-parameter"},{"extension":[{"url":"code","valueString":"apply-license"},{"url":"value","valueString":"true"}],"url":"http://hl7.org/fhir/tools/StructureDefinition/ig-parameter"},{"extension":[{"url":"code","valueString":"apply-publisher"},{"url":"value","valueString":"true"}],"url":"http://hl7.org/fhir/tools/StructureDefinition/ig-parameter"},{"extension":[{"url":"code","valueString":"apply-version"},{"url":"value","valueString":"true"}],"url":"http://hl7.org/fhir/tools/StructureDefinition/ig-parameter"},{"extension":[{"url":"code","valueString":"active-tables"},{"url":"value","valueString":"true"}],"url":"http://hl7.org/fhir/tools/StructureDefinition/ig-parameter"}],"grouping":[{"id":"_dyn_operationdefinition","name":"Behavior: Operation Definitions","description":"These are custom operations that can be supported by and/or invoked by systems conforming to this implementation guide"},{"id":"_str_profile","name":"Structures: Resource Profiles","description":"These define constraints on FHIR resources for systems conforming to this implementation guide"},{"id":"_term_valueset","name":"Terminology: Value Sets","description":"These define sets of codes used by systems conforming to this implementation guide"},{"id":"_term_codesystem","name":"Terminology: Code Systems","description":"These define new code systems used by systems conforming to this implementation guide"},{"id":"_ex_example","name":"Example: Example Instances","description":"These are example instances that show what data produced and consumed by systems conforming with this implementation guide might look like"}],"resource":[{"extension":[{"url":"http://hl7.org/fhir/StructureDefinition/implementationguide-page","valueUri":"StructureDefinition-BrewedBeverage.html"}],"reference":{"reference":"StructureDefinition/BrewedBeverage"},"name":"The Hot Beverage to Brew","description":"The parameters to be given to the device to make the requested Hot Beverage.\r\n\r\n* The Machine to make the beverage (optional)\r\n* The Beverage to be made (required)\r\n* The type of Milk to be included (optional)\r\n* The type of Syrup to be included (optional)\r\n* The type of Alcohol to be included (optional)\r\n* The type of Sweetener to be included (optional)\r\n* The type of Spice to be included (optional)\r\n* Is Coffee to be decaffeinated (shall be NoDecaf)\r\n","exampleBoolean":false,"groupingId":"_str_profile"},{"extension":[{"url":"http://hl7.org/fhir/StructureDefinition/implementationguide-page","valueUri":"StructureDefinition-HotBeverage.Brewed.html"}],"reference":{"reference":"StructureDefinition/HotBeverage.Brewed"},"name":"The AuditEvent for a successful Brewed Hot Beverage","description":"An AuditEvent profile for when request to brew a Hot Beverage action happens successfully.\r\n\r\n","exampleBoolean":false,"groupingId":"_str_profile"},{"extension":[{"url":"http://hl7.org/fhir/StructureDefinition/implementationguide-page","valueUri":"ValueSet-HBAlcoholVS.html"}],"reference":{"reference":"ValueSet/HBAlcoholVS"},"name":"Alcohol Additive Value Set","description":"Alcohol liquids for use in coffee","exampleBoolean":false,"groupingId":"_term_valueset"},{"extension":[{"url":"http://hl7.org/fhir/StructureDefinition/implementationguide-page","valueUri":"ValueSet-HBBeverageVS.html"}],"reference":{"reference":"ValueSet/HBBeverageVS"},"name":"Hot Beverages Value Set","description":"All beverages allowed to be made via Hot Beverage","exampleBoolean":false,"groupingId":"_term_valueset"},{"extension":[{"url":"http://hl7.org/fhir/StructureDefinition/implementationguide-page","valueUri":"ValueSet-HBMilkVS.html"}],"reference":{"reference":"ValueSet/HBMilkVS"},"name":"Milk Additive Value Set","description":"Milk and milklike liquids for use in coffee","exampleBoolean":false,"groupingId":"_term_valueset"},{"extension":[{"url":"http://hl7.org/fhir/StructureDefinition/implementationguide-page","valueUri":"ValueSet-HBSpiceVS.html"}],"reference":{"reference":"ValueSet/HBSpiceVS"},"name":"Spice Additive Value Set","description":"Spice liquids for use in coffee","exampleBoolean":false,"groupingId":"_term_valueset"},{"extension":[{"url":"http://hl7.org/fhir/StructureDefinition/implementationguide-page","valueUri":"ValueSet-HBSweetenersVS.html"}],"reference":{"reference":"ValueSet/HBSweetenersVS"},"name":"Sweeteners Additive Value Set","description":"Sweeteners liquids for use in coffee","exampleBoolean":false,"groupingId":"_term_valueset"},{"extension":[{"url":"http://hl7.org/fhir/StructureDefinition/implementationguide-page","valueUri":"ValueSet-HBSyrupVS.html"}],"reference":{"reference":"ValueSet/HBSyrupVS"},"name":"Syrup Additive Value Set","description":"Syrups for use in coffee","exampleBoolean":false,"groupingId":"_term_valueset"},{"extension":[{"url":"http://hl7.org/fhir/StructureDefinition/implementationguide-page","valueUri":"ValueSet-NoDecaf.html"}],"reference":{"reference":"ValueSet/NoDecaf"},"name":"Decaf is for the weak","description":"No, Just No","exampleBoolean":false,"groupingId":"_term_valueset"},{"extension":[{"url":"http://hl7.org/fhir/StructureDefinition/implementationguide-page","valueUri":"CodeSystem-HBAlcohol.html"}],"reference":{"reference":"CodeSystem/HBAlcohol"},"name":"Alcohol List","description":"Alcohols to be added, if desired","exampleBoolean":false,"groupingId":"_term_codesystem"},{"extension":[{"url":"http://hl7.org/fhir/StructureDefinition/implementationguide-page","valueUri":"CodeSystem-HBBeverages.html"}],"reference":{"reference":"CodeSystem/HBBeverages"},"name":"Hot Beverage List","description":"Legal Beverages to be made in coffee pot","exampleBoolean":false,"groupingId":"_term_codesystem"},{"extension":[{"url":"http://hl7.org/fhir/StructureDefinition/implementationguide-page","valueUri":"CodeSystem-HBMilks.html"}],"reference":{"reference":"CodeSystem/HBMilks"},"name":"Milks List","description":"Milks to be added, if desired","exampleBoolean":false,"groupingId":"_term_codesystem"},{"extension":[{"url":"http://hl7.org/fhir/StructureDefinition/implementationguide-page","valueUri":"CodeSystem-HBSpice.html"}],"reference":{"reference":"CodeSystem/HBSpice"},"name":"Spice List","description":"Spice to be added, if desired","exampleBoolean":false,"groupingId":"_term_codesystem"},{"extension":[{"url":"http://hl7.org/fhir/StructureDefinition/implementationguide-page","valueUri":"CodeSystem-HBSweeteners.html"}],"reference":{"reference":"CodeSystem/HBSweeteners"},"name":"Sweeteners List","description":"Sweeteners to be added, if desired","exampleBoolean":false,"groupingId":"_term_codesystem"},{"extension":[{"url":"http://hl7.org/fhir/StructureDefinition/implementationguide-page","valueUri":"CodeSystem-HBSyrups.html"}],"reference":{"reference":"CodeSystem/HBSyrups"},"name":"Syrups List","description":"Syrups to be added, if desired","exampleBoolean":false,"groupingId":"_term_codesystem"},{"extension":[{"url":"http://hl7.org/fhir/StructureDefinition/implementationguide-page","valueUri":"OperationDefinition-BB-Stop.html"}],"reference":{"reference":"OperationDefinition/BB-Stop"},"name":"BB-Stop","description":"The stop operation sends the Device a direction to stop the brew of the beverage (primarily tea) to check for doneness.  Used in combination with the Start operation to make the tea just right","exampleBoolean":false,"groupingId":"_dyn_operationdefinition"},{"extension":[{"url":"http://hl7.org/fhir/StructureDefinition/implementationguide-page","valueUri":"OperationDefinition-BB-When.html"}],"reference":{"reference":"OperationDefinition/BB-When"},"name":"BB-When","description":"When coffee is poured, and milk is offered, it is necessary for the holder of the recipient of milk to say \"when\" at the time when\r\n   sufficient milk has been introduced into the coffee. For this purpose, the \"WHEN\" operation has been added to FHIR.","exampleBoolean":false,"groupingId":"_dyn_operationdefinition"},{"extension":[{"url":"http://hl7.org/fhir/StructureDefinition/implementationguide-page","valueUri":"OperationDefinition-Brew.html"}],"reference":{"reference":"OperationDefinition/Brew"},"name":"Brew","description":"The brew operation sends the BrewedBeverage resource to the Coffee/Tea brewing Device","exampleBoolean":false,"groupingId":"_dyn_operationdefinition"},{"extension":[{"url":"http://hl7.org/fhir/StructureDefinition/implementationguide-page","valueUri":"Parameters-MakeCoffee.html"}],"reference":{"reference":"Parameters/MakeCoffee"},"name":"Make me Espresso","description":"Request to make Espresso.\r\n\r\n* Using the Nespresso VertuoNext device\r\n* Requesting Espresso\r\n","exampleCanonical":"http://example.org/StructureDefinition/BrewedBeverage","groupingId":"_ex_example"},{"extension":[{"url":"http://hl7.org/fhir/StructureDefinition/implementationguide-page","valueUri":"Device-VertuoNext.html"}],"reference":{"reference":"Device/VertuoNext"},"name":"Vertuo Next","description":"Nespresso introduces the VERTUO NEXT CLASSIC, the latest VERTUO Nespresso coffee maker with an all-new design and colors for the ultimate brewing experience. In addition to its original espressos, NESPRESSO VERTUO NEXT produces an extraordinary cup of coffee with a smooth layer of crema, the signature of a truly great cup of coffee. The VERTUO coffee and espresso coffee machine conveniently makes 5, 8, 14, 18 oz Coffee and single and double Espresso. Nespresso brings together the know-how of all its coffee experts, who have carefully chosen the origin and roasting of each coffee blend and created a brewing system using Centrifusion technology, a patented extraction technology developed by Nespresso. Just insert a Vertuo capsule and close the lever — when activated, the capsule spins, blending ground coffee with water and extracting every drop of flavor. Its precision brewing system recognizes each capsule and automatically adjusts its brewing parameters to consistently deliver the best in cup result. Bundled with Nespresso's Aeroccino3, provides smooth hot or cold milk froth for your coffee recipes with one touch. It froths all types of milk in a few seconds, without noise or vibration. Each machine includes a complimentary welcome set with a range of Nespresso Vertuo capsules with unique aroma profiles. Order your Nespresso capsules, receive personalized advice, and obtain technical support or repair for your machine through the Nespresso Club via mobile app, by telephone or in one of our Boutiques. This coffee machine is compatible exclusively with Nespresso Vertuo Line pods. Input power (W): 1260. Intelligent extraction system recognizes each coffee blend.","exampleBoolean":true,"groupingId":"_ex_example"},{"extension":[{"url":"http://hl7.org/fhir/StructureDefinition/implementationguide-page","valueUri":"AuditEvent-ex-auditBasicBrew.html"}],"reference":{"reference":"AuditEvent/ex-auditBasicBrew"},"name":"Audit Example of a basic brew","description":"Audit Example for a brewed coffee\r\n\r\n* Using the Nespresso VertuoNext device\r\n* Requesting Espresso \r\n","exampleCanonical":"http://example.org/StructureDefinition/HotBeverage.Brewed","groupingId":"_ex_example"}],"page":{"nameUrl":"toc.html","title":"Table of Contents","generation":"html","page":[{"nameUrl":"index.html","title":"Home","generation":"markdown"},{"nameUrl":"artifacts.html","title":"Artifacts Summary","generation":"html","page":[{"nameUrl":"OperationDefinition-BB-Stop.html","title":"BB-Stop","generation":"generated"},{"nameUrl":"OperationDefinition-BB-When.html","title":"BB-When","generation":"generated"},{"nameUrl":"OperationDefinition-Brew.html","title":"Brew","generation":"generated"},{"nameUrl":"StructureDefinition-BrewedBeverage.html","title":"The Hot Beverage to Brew","generation":"generated"},{"nameUrl":"StructureDefinition-HotBeverage.Brewed.html","title":"The AuditEvent for a successful Brewed Hot Beverage","generation":"generated"},{"nameUrl":"ValueSet-HBAlcoholVS.html","title":"Alcohol Additive Value Set","generation":"generated"},{"nameUrl":"ValueSet-HBBeverageVS.html","title":"Hot Beverages Value Set","generation":"generated"},{"nameUrl":"ValueSet-HBMilkVS.html","title":"Milk Additive Value Set","generation":"generated"},{"nameUrl":"ValueSet-HBSpiceVS.html","title":"Spice Additive Value Set","generation":"generated"},{"nameUrl":"ValueSet-HBSweetenersVS.html","title":"Sweeteners Additive Value Set","generation":"generated"},{"nameUrl":"ValueSet-HBSyrupVS.html","title":"Syrup Additive Value Set","generation":"generated"},{"nameUrl":"ValueSet-NoDecaf.html","title":"Decaf is for the weak","generation":"generated"},{"nameUrl":"CodeSystem-HBAlcohol.html","title":"Alcohol List","generation":"generated"},{"nameUrl":"CodeSystem-HBBeverages.html","title":"Hot Beverage List","generation":"generated"},{"nameUrl":"CodeSystem-HBMilks.html","title":"Milks List","generation":"generated"},{"nameUrl":"CodeSystem-HBSpice.html","title":"Spice List","generation":"generated"},{"nameUrl":"CodeSystem-HBSweeteners.html","title":"Sweeteners List","generation":"generated"},{"nameUrl":"CodeSystem-HBSyrups.html","title":"Syrups List","generation":"generated"},{"nameUrl":"Parameters-MakeCoffee.html","title":"Make me Espresso","generation":"generated"},{"nameUrl":"Device-VertuoNext.html","title":"Vertuo Next","generation":"generated"},{"nameUrl":"AuditEvent-ex-auditBasicBrew.html","title":"Audit Example of a basic brew","generation":"generated"}]}]},"parameter":[{"code":"path-resource","value":"input/capabilities"},{"code":"path-resource","value":"input/examples"},{"code":"path-resource","value":"input/extensions"},{"code":"path-resource","value":"input/models"},{"code":"path-resource","value":"input/operations"},{"code":"path-resource","value":"input/profiles"},{"code":"path-resource","value":"input/resources"},{"code":"path-resource","value":"input/vocabulary"},{"code":"path-resource","value":"input/maps"},{"code":"path-resource","value":"input/testing"},{"code":"path-resource","value":"input/history"},{"code":"path-resource","value":"fsh-generated/resources"},{"code":"path-pages","value":"template/config"},{"code":"path-pages","value":"input/images"},{"code":"path-tx-cache","value":"input-cache/txcache"}]}}