{"resourceType":"ValueSet","id":"HBSyrupVS","text":{"status":"generated","div":"<div xmlns=\"http://www.w3.org/1999/xhtml\"><ul><li>Include all codes defined in <a href=\"CodeSystem-HBSyrups.html\"><code>http://example.org/CodeSystem/HBSyrups</code></a></li></ul></div>"},"url":"http://example.org/ValueSet/HBSyrupVS","version":"2021-April-1st","name":"HBSyrupVS","title":"Syrup Additive Value Set","status":"active","date":"2021-06-21T09:29:16-04:00","publisher":"Dave Pyke &amp; John Moehrke","contact":[{"name":"Dave Pyke &amp; John Moehrke","telecom":[{"system":"url","value":"www.pyke.ca"},{"system":"email","value":"david@pyke.ca"}]},{"name":"David Pyke","telecom":[{"system":"email","value":"david@pyke.ca","use":"work"}]}],"description":"Syrups for use in coffee","compose":{"include":[{"system":"http://example.org/CodeSystem/HBSyrups"}]}}