{"resourceType":"ValueSet","id":"NoDecaf","text":{"status":"generated","div":"<div xmlns=\"http://www.w3.org/1999/xhtml\"><ul><li>Include these codes as defined in <a href=\"http://www.snomed.org/\"><code>http://snomed.info/sct</code></a><table class=\"none\"><tr><td style=\"white-space:nowrap\"><b>Code</b></td><td><b>Display</b></td></tr><tr><td><a href=\"http://browser.ihtsdotools.org/?perspective=full&amp;conceptId1=64100000\">64100000</a></td><td>No</td></tr></table></li></ul></div>"},"url":"http://example.org/ValueSet/NoDecaf","version":"2021-April-1st","name":"NoDecaf","title":"Decaf is for the weak","status":"active","date":"2021-04-01T16:12:56-04:00","description":"No, Just No","compose":{"include":[{"system":"http://snomed.info/sct","concept":[{"code":"64100000","display":"No"}]}]}}