{"resourceType":"ValueSet","id":"HBAlcoholVS","text":{"status":"generated","div":"<div xmlns=\"http://www.w3.org/1999/xhtml\"><ul><li>Include all codes defined in <a href=\"CodeSystem-HBAlcohol.html\"><code>http://example.org/CodeSystem/HBAlcohol</code></a></li></ul></div>"},"url":"http://example.org/ValueSet/HBAlcoholVS","version":"2021-April-1st","name":"HBAlcoholVS","title":"Alcohol Additive Value Set","status":"active","date":"2021-06-21T09:04:15-04:00","description":"Alcohol liquids for use in coffee","compose":{"include":[{"system":"http://example.org/CodeSystem/HBAlcohol"}]}}