{
  "resourceType": "CodeSystem",
  "id": "HBMilks",
  "text": {
    "status": "generated",
    "div": "<div xmlns=\"http://www.w3.org/1999/xhtml\"><p>This code system http://example.org/CodeSystem/HBMilks defines the following codes:</p><table class=\"codes\"><tr><td style=\"white-space:nowrap\"><b>Code</b></td><td><b>Display</b></td></tr><tr><td style=\"white-space:nowrap\">RICEMILK<a name=\"HBMilks-RICEMILK\"> </a></td><td>Rice Milk</td></tr><tr><td style=\"white-space:nowrap\">ALMOND<a name=\"HBMilks-ALMOND\"> </a></td><td>Almond Milk</td></tr><tr><td style=\"white-space:nowrap\">SKIM<a name=\"HBMilks-SKIM\"> </a></td><td>Skim Milk</td></tr><tr><td style=\"white-space:nowrap\">SOY<a name=\"HBMilks-SOY\"> </a></td><td>Soy Milk</td></tr><tr><td style=\"white-space:nowrap\">FULLCREAM<a name=\"HBMilks-FULLCREAM\"> </a></td><td>Full Cream Milk</td></tr><tr><td style=\"white-space:nowrap\">COCONUT<a name=\"HBMilks-COCONUT\"> </a></td><td>Coconut Milk</td></tr><tr><td style=\"white-space:nowrap\">HALF<a name=\"HBMilks-HALF\"> </a></td><td>Half and Half</td></tr><tr><td style=\"white-space:nowrap\">TABLE<a name=\"HBMilks-TABLE\"> </a></td><td>Table Cream</td></tr></table></div>"
  },
  "url": "http://example.org/CodeSystem/HBMilks",
  "version": "2021-April-1st",
  "name": "HBMilks",
  "title": "Milks List",
  "status": "active",
  "date": "2021-04-01T07:51:30-05:00",
  "description": "Milks to be added, if desired",
  "content": "complete",
  "count": 8,
  "concept": [
    {
      "code": "RICEMILK",
      "display": "Rice Milk"
    },
    {
      "code": "ALMOND",
      "display": "Almond Milk"
    },
    {
      "code": "SKIM",
      "display": "Skim Milk"
    },
    {
      "code": "SOY",
      "display": "Soy Milk"
    },
    {
      "code": "FULLCREAM",
      "display": "Full Cream Milk"
    },
    {
      "code": "COCONUT",
      "display": "Coconut Milk"
    },
    {
      "code": "HALF",
      "display": "Half and Half"
    },
    {
      "code": "TABLE",
      "display": "Table Cream"
    }
  ]
}