{
  "resourceType": "Parameters",
  "id": "MakeCoffee",
  "meta": {
    "profile": [
      "http://example.org/StructureDefinition/BrewedBeverage"
    ],
    "security": [
      {
        "system": "http://terminology.hl7.org/CodeSystem/v3-ActReason",
        "code": "HTEST"
      },
      {
        "system": "http://terminology.hl7.org/CodeSystem/v3-Confidentiality",
        "code": "L"
      }
    ]
  },
  "parameter": [
    {
      "name": "beverageType",
      "valueCode": "ESPRESSO"
    },
    {
      "name": "device",
      "valueReference": {
        "reference": "Device/VertuoNext"
      }
    }
  ]
}