{
  "resourceType": "ValueSet",
  "id": "HBDrinkSizeVS",
  "text": {
    "status": "generated",
    "div": "<div xmlns=\"http://www.w3.org/1999/xhtml\"><ul><li>Include all codes defined in <a href=\"CodeSystem-HBDrinkSize.html\"><code>http://example.org/CodeSystem/HBDrinkSize</code></a></li></ul></div>"
  },
  "url": "http://example.org/ValueSet/HBDrinkSizeVS",
  "version": "2021-April-1st",
  "name": "HBDrinkSizeVS",
  "title": "Size of Beverage to be Consumed",
  "status": "active",
  "date": "2021-04-21T11:22:23-04:00",
  "description": "You want how much?",
  "compose": {
    "include": [
      {
        "system": "http://example.org/CodeSystem/HBDrinkSize"
      }
    ]
  }
}