{
  "resourceType": "ValueSet",
  "id": "HBSyrupVS",
  "text": {
    "status": "generated",
    "div": "<div xmlns=\"http://www.w3.org/1999/xhtml\"><ul><li>Include all codes defined in <a href=\"CodeSystem-HBSyrups.html\"><code>http://example.org/CodeSystem/HBSyrups</code></a></li></ul></div>"
  },
  "url": "http://example.org/ValueSet/HBSyrupVS",
  "version": "2021-April-1st",
  "name": "HBSyrupVS",
  "title": "Syrup Additive Value Set",
  "status": "active",
  "date": "2021-04-01T16:12:56-04:00",
  "description": "Syrups for use in coffee",
  "compose": {
    "include": [
      {
        "system": "http://example.org/CodeSystem/HBSyrups"
      }
    ]
  }
}