{
  "resourceType": "ValueSet",
  "id": "HBSweetenersVS",
  "text": {
    "status": "generated",
    "div": "<div xmlns=\"http://www.w3.org/1999/xhtml\"><ul><li>Include all codes defined in <a href=\"CodeSystem-HBSweeteners.html\"><code>http://example.org/CodeSystem/HBSweeteners</code></a></li></ul></div>"
  },
  "url": "http://example.org/ValueSet/HBSweetenersVS",
  "version": "2021-April-1st",
  "name": "HBSweetenersVS",
  "title": "Sweeteners Additive Value Set",
  "status": "active",
  "date": "2021-04-21T11:22:23-04:00",
  "description": "Sweeteners liquids for use in coffee",
  "compose": {
    "include": [
      {
        "system": "http://example.org/CodeSystem/HBSweeteners"
      }
    ]
  }
}